StartDate,EndDate,Status,IPAddress,Progress,Duration (in seconds),Finished,RecordedDate,ResponseId,RecipientLastName,RecipientFirstName,RecipientEmail,ExternalReference,LocationLatitude,LocationLongitude,DistributionChannel,UserLanguage,Q3_1,Q3_2,Q4,Q5,Q6_1,Q6_2,Q7,Q8,Q9_1,Q10,Q11,Q12_1,Q12_2,Q13,Q14,Q15_1,Q16,Q17,Q19,Q20,Q21,Q22,Q23,Q24,Q26,Q27,Q28,Q29_1,Q29_2,Q29_3,Q29_4,Q29_5,Q29_5_TEXT,Q30_1,Q30_2,Q30_3,Q30_4,Q30_5,Q30_6,Q30_7,Q31,Q33,Q34
Start Date,End Date,Response Type,IP Address,Progress,Duration (in seconds),Finished,Recorded Date,Response ID,Recipient Last Name,Recipient First Name,Recipient Email,External Data Reference,Location Latitude,Location Longitude,Distribution Channel,User Language,[Faculty Session] Setting the Context (Jorge Peña) We reviewed the ACE Habits of Mind and compared Data Wise to other data processes. - Importance of Topic,[Faculty Session] Setting the Context (Jorge Peña) We reviewed the ACE Habits of Mind and compared Data Wise to other data processes. - Quality of Instruction,What worked well about this session?,What would you have liked to change about this session?,"[Faculty Session] Step 6 & 7: Developing an Action Plan and Plan to Assess Progress (Monique Davis & Jorge Peña) We explored Action Plans, Plans to Assess Progress, and Equity Mindsets using the Kingsway case. - Importance of Topic","[Faculty Session] Step 6 & 7: Developing an Action Plan and Plan to Assess Progress (Monique Davis & Jorge Peña) We explored Action Plans, Plans to Assess Progress, and Equity Mindsets using the Kingsway case. - Quality of Instruction",What worked well about this session?,What would you have liked to change about this session?,[Team Session] Team Meeting 2 (Team Time) - Value of Session,What worked well about this session?,What would you have liked to change about this session?,"[Faculty Session] Step 8: Act and Assess (Michael Figueroa & Max Yurkofsky) We examined how to Act and Assess, PDSA Cycles, and After Action Reviews. - Importance of Topic","[Faculty Session] Step 8: Act and Assess (Michael Figueroa & Max Yurkofsky) We examined how to Act and Assess, PDSA Cycles, and After Action Reviews. - Quality of Instruction",What worked well about this session?,What would you have liked to change about this session?,[Team Session] Team Meeting 3 (Team Time) - Value of Session,What worked well about this session?,What would you have liked to change about this session?,"Today's sessions helped me articulate how and why equity is central to the work of
school improvement.",We have a big-picture plan to move forward Steps 5 through 8 at our school.,"As you think ahead to the virtual coaching sessions over the next couple of months, what do you imagine you might want to get support on?","Which ACE habit has been a strength for you personally over these two days? 
*Remember, the ACE habits of mind are A (Shared Commitment to Action, Assessment, and Adjustment), C (Intentional Collaboration), and E (Relentless Focus on Evidence).",Which ACE habit do you anticipate needing support on as a team? Why?,Any other comments,How would you rate the overall quality of the Data Wise program?,To what extent did you find this program professionally useful?,"How much do you intend to modify your professional practice, based on your experience in this program?",Which instructional styles did you find most effective? Please check all that apply. - Selected Choice - Lectures from Faculty,Which instructional styles did you find most effective? Please check all that apply. - Selected Choice - Case Discussions,Which instructional styles did you find most effective? Please check all that apply. - Selected Choice - Working with your Project Team,Which instructional styles did you find most effective? Please check all that apply. - Selected Choice - Learning with Practitioners from Other Schools,Which instructional styles did you find most effective? Please check all that apply. - Selected Choice - Other:,Which instructional styles did you find most effective? Please check all that apply. - Other: - Text,Below are the learning objectives for this program. Please indicate the extent to which you agree that this program supported you in meeting them. - Know the importance of examining instruction within the Data Wise Improvement Process,Below are the learning objectives for this program. Please indicate the extent to which you agree that this program supported you in meeting them. - Understand how to decide on instructional strategies to impact LCP,Below are the learning objectives for this program. Please indicate the extent to which you agree that this program supported you in meeting them. - Know how to plan to assess progress,Below are the learning objectives for this program. Please indicate the extent to which you agree that this program supported you in meeting them. - Share with colleagues progress and plans for using the DWIP,Below are the learning objectives for this program. Please indicate the extent to which you agree that this program supported you in meeting them. - Understand how to move from Inquiry to Action,Below are the learning objectives for this program. Please indicate the extent to which you agree that this program supported you in meeting them. - Learn a framework for rapid improvement cycles,Below are the learning objectives for this program. Please indicate the extent to which you agree that this program supported you in meeting them. - Plan for next steps and receive feedback from a teaching team member,"On a scale of 0 to 10, how likely is it that you would recommend this program to a friend or colleague?","How satisfied were you with the diversity of the course's learning community, inclusive of racial, ethnic, professional, personal, regional, institution type, and other perspectives and backgrounds?",How might we improve in supporting a diverse learning community?
"{""ImportId"":""startDate"",""timeZone"":""Z""}","{""ImportId"":""endDate"",""timeZone"":""Z""}","{""ImportId"":""status""}","{""ImportId"":""ipAddress""}","{""ImportId"":""progress""}","{""ImportId"":""duration""}","{""ImportId"":""finished""}","{""ImportId"":""recordedDate"",""timeZone"":""Z""}","{""ImportId"":""_recordId""}","{""ImportId"":""recipientLastName""}","{""ImportId"":""recipientFirstName""}","{""ImportId"":""recipientEmail""}","{""ImportId"":""externalDataReference""}","{""ImportId"":""locationLatitude""}","{""ImportId"":""locationLongitude""}","{""ImportId"":""distributionChannel""}","{""ImportId"":""userLanguage""}","{""ImportId"":""QID42_1""}","{""ImportId"":""QID42_2""}","{""ImportId"":""QID43_TEXT""}","{""ImportId"":""QID44_TEXT""}","{""ImportId"":""QID51_1""}","{""ImportId"":""QID51_2""}","{""ImportId"":""QID46_TEXT""}","{""ImportId"":""QID47_TEXT""}","{""ImportId"":""QID92_1""}","{""ImportId"":""QID93_TEXT""}","{""ImportId"":""QID94_TEXT""}","{""ImportId"":""QID67_1""}","{""ImportId"":""QID67_2""}","{""ImportId"":""QID60_TEXT""}","{""ImportId"":""QID61_TEXT""}","{""ImportId"":""QID59_1""}","{""ImportId"":""QID69_TEXT""}","{""ImportId"":""QID70_TEXT""}","{""ImportId"":""QID88""}","{""ImportId"":""QID21""}","{""ImportId"":""QID65_TEXT""}","{""ImportId"":""QID74_TEXT""}","{""ImportId"":""QID75_TEXT""}","{""ImportId"":""QID76_TEXT""}","{""ImportId"":""QID79""}","{""ImportId"":""QID80""}","{""ImportId"":""QID81""}","{""ImportId"":""QID90"",""choiceId"":""1""}","{""ImportId"":""QID90"",""choiceId"":""2""}","{""ImportId"":""QID90"",""choiceId"":""3""}","{""ImportId"":""QID90"",""choiceId"":""4""}","{""ImportId"":""QID90"",""choiceId"":""5""}","{""ImportId"":""QID90_5_TEXT""}","{""ImportId"":""QID83_1""}","{""ImportId"":""QID83_2""}","{""ImportId"":""QID83_5""}","{""ImportId"":""QID83_6""}","{""ImportId"":""QID83_7""}","{""ImportId"":""QID83_8""}","{""ImportId"":""QID83_9""}","{""ImportId"":""QID82""}","{""ImportId"":""QID86""}","{""ImportId"":""QID87_TEXT""}"
2019-12-05 20:57:36,2019-12-05 20:58:53,IP Address,96.4.165.217,100,77,True,2019-12-05 20:58:54,R_1F8v0Rj280qAPNh,,,,,35.106292724609375,-89.94100189208984375,anonymous,EN,Completely Satisfied,Completely Satisfied,,,Completely Satisfied,Completely Satisfied,,,Completely Satisfied,,,Completely Satisfied,Completely Satisfied,,,Completely Satisfied,,,Strongly Agree,Strongly Agree,,,,,Excellent,A Great Deal,A Great Deal,Lectures from Faculty,Case Discussions,Working with your Project Team,Learning with Practitioners from Other Schools,,,Strongly Agree,Strongly Agree,Strongly Agree,Strongly Agree,Strongly Agree,Strongly Agree,Strongly Agree,10    (Extremely Likely),Completely Satisfied,
2019-12-05 21:02:58,2019-12-05 21:04:31,IP Address,96.4.165.217,100,92,True,2019-12-05 21:04:32,R_3dZljmoC7xunBRO,,,,,35.106292724609375,-89.94100189208984375,anonymous,EN,Moderately Satisfied,Moderately Satisfied,,,Completely Satisfied,Completely Satisfied,,,Completely Satisfied,,,Completely Satisfied,Completely Satisfied,,,Completely Satisfied,,,Strongly Agree,Strongly Agree,,,,,Excellent,A Great Deal,A Great Deal,Lectures from Faculty,Case Discussions,Working with your Project Team,Learning with Practitioners from Other Schools,,,Strongly Agree,Strongly Agree,Strongly Agree,Strongly Agree,Strongly Agree,Strongly Agree,Strongly Agree,9,Completely Satisfied,
2019-12-05 21:02:27,2019-12-05 21:04:36,IP Address,96.4.165.217,100,128,True,2019-12-05 21:04:36,R_3kmQV26HbrgtlPG,,,,,35.106292724609375,-89.94100189208984375,anonymous,EN,Moderately Satisfied,Moderately Satisfied,,,Moderately Satisfied,Moderately Satisfied,,,Moderately Satisfied,,,Moderately Satisfied,Moderately Satisfied,,,Moderately Satisfied,,,Somewhat Agree,Strongly Agree,,shared commitment to action,intentional collaboration,,Excellent,A Great Deal,Quite A Bit,Lectures from Faculty,,Working with your Project Team,Learning with Practitioners from Other Schools,,,Somewhat Agree,Somewhat Agree,Somewhat Agree,Somewhat Agree,Somewhat Agree,Somewhat Agree,Somewhat Agree,7,Moderately Satisfied,
2019-12-05 21:03:16,2019-12-05 21:05:20,IP Address,96.4.165.217,100,123,True,2019-12-05 21:05:20,R_2UbYWyREXGp7zFa,,,,,35.106292724609375,-89.94100189208984375,anonymous,EN,Moderately Satisfied,Moderately Satisfied,,,Moderately Satisfied,Moderately Satisfied,,,Moderately Satisfied,,,Moderately Satisfied,Moderately Satisfied,,,Moderately Dissatisfied,,,Somewhat Agree,Somewhat Agree,,,,,Very Good,Quite A Bit,Quite A Bit,,Case Discussions,Working with your Project Team,Learning with Practitioners from Other Schools,,,Somewhat Agree,Somewhat Agree,Somewhat Agree,Somewhat Agree,Somewhat Agree,Somewhat Agree,Somewhat Agree,7,Moderately Satisfied,
2019-12-05 20:58:21,2019-12-05 21:05:22,IP Address,96.4.165.217,100,421,True,2019-12-05 21:05:23,R_2S6l46PIjbe8r14,,,,,35.106292724609375,-89.94100189208984375,anonymous,EN,Completely Satisfied,Completely Satisfied,It was shorter and more to the point.,Nothing,Completely Satisfied,Completely Satisfied,Breaking about data sources and short term goals.,nothing,Completely Satisfied,We got a bit done and had one on one coaching with Monique.,"Almost too much time, may be because we are getting used to the process.",Completely Satisfied,Completely Satisfied,Talking with other schools about agreements and arguments.,nothing,Completely Satisfied,"Able to plan for our next school level meeting, as well as working on the Journey.",Nothing,Strongly Agree,Strongly Agree,Making sure our action plans receive adequate feedback,Shared Commitment to Action,not sure,none,Excellent,A Great Deal,Quite A Bit,,Case Discussions,Working with your Project Team,Learning with Practitioners from Other Schools,,,Somewhat Agree,Strongly Agree,Strongly Agree,Strongly Agree,Somewhat Agree,Strongly Agree,Strongly Agree,10    (Extremely Likely),Completely Satisfied,unsure
2019-12-05 21:04:06,2019-12-05 21:06:04,IP Address,96.4.165.155,100,117,True,2019-12-05 21:06:04,R_2EGX4sJGqlWvOdf,,,,,35.106292724609375,-89.94100189208984375,anonymous,EN,Completely Satisfied,Completely Satisfied,,,Completely Satisfied,Completely Satisfied,,,Completely Satisfied,,,Completely Satisfied,Completely Satisfied,,,Completely Satisfied,,,Strongly Agree,Somewhat Agree,,,,,Excellent,A Great Deal,A Great Deal,Lectures from Faculty,Case Discussions,Working with your Project Team,Learning with Practitioners from Other Schools,Other:,"Enthusiasm ",Strongly Agree,Strongly Agree,Strongly Agree,Strongly Agree,Strongly Agree,Strongly Agree,Strongly Agree,10    (Extremely Likely),Completely Satisfied,
2019-12-05 20:57:58,2019-12-05 21:06:18,IP Address,96.4.165.217,100,500,True,2019-12-05 21:06:19,R_12QMxLMMQkhk4bK,,,,,35.106292724609375,-89.94100189208984375,anonymous,EN,Completely Satisfied,Completely Satisfied,"looking at short, middle, and long term goals",thought of the kingsway study,Completely Satisfied,Completely Satisfied,,,,,,Completely Satisfied,Completely Satisfied,being able to see the worksheet of strategy all the way to success,the amount of time,Completely Satisfied,being able to have more time to collaborate as team,"the wordage of the google doc, very high packed with wording",Strongly Agree,Somewhat Agree,,"A share commitment is important ",,,Very Good,Quite A Bit,A Great Deal,,Case Discussions,Working with your Project Team,Learning with Practitioners from Other Schools,,,Somewhat Agree,Strongly Agree,Strongly Agree,Strongly Agree,Strongly Agree,Somewhat Agree,Somewhat Agree,8,Completely Satisfied,
2019-12-05 21:02:40,2019-12-05 21:06:26,IP Address,96.4.165.217,100,226,True,2019-12-05 21:06:26,R_30jW1mwCcpGUxuT,,,,,35.106292724609375,-89.94100189208984375,anonymous,EN,Completely Satisfied,Completely Satisfied,hands on activities,N/A,Completely Satisfied,Completely Satisfied,feedback,N/A,Completely Satisfied,"feedback, collaboration, hands on activities",N/A,Completely Satisfied,Completely Satisfied,"feedback, collaboration, hands on activities",N/A,Completely Satisfied,"feedback, collaboration, hands on activities",N/A,Strongly Agree,Strongly Agree,consistency,Intentional collaboration,shared commitment to action,,Excellent,A Great Deal,A Great Deal,,Case Discussions,Working with your Project Team,Learning with Practitioners from Other Schools,,,Strongly Agree,Strongly Agree,Strongly Agree,Strongly Agree,Strongly Agree,Strongly Agree,Strongly Agree,10    (Extremely Likely),Completely Satisfied,
2019-12-05 21:04:44,2019-12-05 21:06:34,IP Address,96.4.165.217,100,109,True,2019-12-05 21:06:34,R_1MLDs0ynKkU351X,,,,,35.106292724609375,-89.94100189208984375,anonymous,EN,Completely Satisfied,Completely Satisfied,,,Moderately Satisfied,Moderately Satisfied,,,Completely Satisfied,,,Moderately Satisfied,Moderately Satisfied,,,Completely Satisfied,,,Somewhat Agree,Strongly Agree,,,,,Very Good,Quite A Bit,Quite A Bit,,Case Discussions,Working with your Project Team,,,,Somewhat Agree,Somewhat Agree,Somewhat Agree,Somewhat Agree,Somewhat Agree,Somewhat Agree,Somewhat Agree,8,Moderately Satisfied,
2019-12-05 21:02:41,2019-12-05 21:06:37,IP Address,96.4.165.217,100,236,True,2019-12-05 21:06:37,R_bJGoxlN5HXupn4l,,,,,35.106292724609375,-89.94100189208984375,anonymous,EN,Completely Satisfied,Completely Satisfied,Everything! Loved the sessions,Nothing,Completely Satisfied,Completely Satisfied,Everything!,Nothing,Completely Satisfied,True collaboration!,Nothing,Completely Satisfied,Completely Satisfied,Everything,Nothing,Completely Satisfied,True collaboration!,Nothing,Strongly Agree,Strongly Agree,Not sure as of yet but will have a clearer picture once debrief with entire team,C - Intentional Collaboration,Relentless Focus on Evidence,None,Excellent,A Great Deal,A Great Deal,Lectures from Faculty,Case Discussions,Working with your Project Team,Learning with Practitioners from Other Schools,,,Strongly Agree,Strongly Agree,Strongly Agree,Strongly Agree,Strongly Agree,Strongly Agree,Strongly Agree,10    (Extremely Likely),Completely Satisfied,None
2019-12-05 21:03:19,2019-12-05 21:06:48,IP Address,96.4.165.217,100,209,True,2019-12-05 21:06:48,R_SB3lDGoIjtvrOXn,,,,,35.106292724609375,-89.94100189208984375,anonymous,EN,Completely Satisfied,Completely Satisfied,,,Completely Satisfied,Completely Satisfied,Having an opportunity to apply the knowledge from yesterday to today’s session.,,Completely Satisfied,Having an opportunity to embed the Data Wise process into our established systems and protocols.,,Completely Satisfied,Completely Satisfied,,,Completely Satisfied,,,Strongly Agree,Strongly Agree,,"Collaboration ",,,Excellent,A Great Deal,Moderately,,,Working with your Project Team,Learning with Practitioners from Other Schools,,,Strongly Agree,Strongly Agree,Strongly Agree,Strongly Agree,Strongly Agree,Strongly Agree,Strongly Agree,10    (Extremely Likely),Completely Satisfied,
2019-12-05 21:02:51,2019-12-05 21:06:57,IP Address,96.4.165.217,100,245,True,2019-12-05 21:06:57,R_2TuXsRH8C91LpN1,,,,,35.106292724609375,-89.94100189208984375,anonymous,EN,Completely Satisfied,Moderately Satisfied,,,Completely Satisfied,Moderately Satisfied,,,Completely Satisfied,Being able to meet with Data Wise Coaches and get some specific feedback on our Data Wise Journey,,Completely Satisfied,Moderately Satisfied,,,Completely Satisfied,,,Strongly Agree,Strongly Agree,,,,,Excellent,A Great Deal,A Great Deal,,Case Discussions,Working with your Project Team,Learning with Practitioners from Other Schools,,,Strongly Agree,Strongly Agree,Strongly Agree,Strongly Agree,Strongly Agree,Strongly Agree,Somewhat Agree,10    (Extremely Likely),Completely Satisfied,
2019-12-05 21:03:52,2019-12-05 21:06:59,IP Address,96.4.165.217,100,187,True,2019-12-05 21:07:00,R_2e5tRh3b9IbidGV,,,,,35.106292724609375,-89.94100189208984375,anonymous,EN,Completely Satisfied,Completely Satisfied,,,Completely Satisfied,Completely Satisfied,Getting to see a model schools information,I wish we were further in our steps before learning this information,Completely Satisfied,Having the rolling agenda,Nothing,Completely Satisfied,Completely Satisfied,Getting to see a model school,,Moderately Satisfied,Rolling agenda,"Felt we spent a lot of time on items that did not take that long to complete and was repetitive ",Strongly Agree,Strongly Agree,,,,,Excellent,A Great Deal,A Great Deal,,Case Discussions,Working with your Project Team,Learning with Practitioners from Other Schools,,,Strongly Agree,Strongly Agree,Strongly Agree,Strongly Agree,Strongly Agree,Strongly Agree,Strongly Agree,10    (Extremely Likely),Completely Satisfied,
2019-12-05 21:02:45,2019-12-05 21:07:13,IP Address,96.4.165.217,100,268,True,2019-12-05 21:07:13,R_3FLEkuC0Et3Jk6d,,,,,35.106292724609375,-89.94100189208984375,anonymous,EN,Completely Satisfied,Completely Satisfied,team collab,na,Completely Satisfied,Completely Satisfied,team collab,,,,,,,,na,Completely Satisfied,Being able to work with time outside of the school environment: more productive,na,Strongly Agree,Strongly Agree,"Critique on the work that we have done thus far. ",Intentional Collaboration,Relentless focus on evidence,na,Very Good,Quite A Bit,Quite A Bit,,Case Discussions,Working with your Project Team,Learning with Practitioners from Other Schools,,,Strongly Agree,Strongly Agree,Strongly Agree,Strongly Agree,Strongly Agree,Strongly Agree,Strongly Agree,9,Completely Satisfied,na
2019-12-05 21:04:40,2019-12-05 21:07:16,IP Address,96.4.165.217,100,155,True,2019-12-05 21:07:16,R_1BVGBMgHGRtCaRs,,,,,35.106292724609375,-89.94100189208984375,anonymous,EN,Completely Satisfied,Completely Satisfied,na,na,Completely Satisfied,Completely Satisfied,na,na,Completely Satisfied,na,na,Completely Satisfied,Completely Satisfied,na,na,Completely Satisfied,na,na,Strongly Agree,Strongly Agree,it would be great for coaches to be able to speak from our individual school data,na,na,na,Very Good,Quite A Bit,Moderately,,,Working with your Project Team,,,,Strongly Agree,Strongly Agree,Strongly Agree,Strongly Agree,Strongly Agree,Strongly Agree,Strongly Agree,6,Moderately Satisfied,na
2019-12-05 21:03:24,2019-12-05 21:07:20,IP Address,96.4.165.217,100,235,True,2019-12-05 21:07:20,R_AdI5hldle2DV3Vv,,,,,35.106292724609375,-89.94100189208984375,anonymous,EN,Completely Satisfied,Completely Satisfied,,n/a,Completely Satisfied,Completely Satisfied,,,Completely Satisfied,,,Completely Satisfied,Completely Satisfied,,,Completely Satisfied,,,Strongly Agree,Strongly Agree,step 8,A and C,E,,Excellent,A Great Deal,A Great Deal,Lectures from Faculty,Case Discussions,Working with your Project Team,Learning with Practitioners from Other Schools,Other:,It was a good balance of all of the styles.,Strongly Agree,Strongly Agree,Strongly Agree,Strongly Agree,Strongly Agree,Strongly Agree,Strongly Agree,10    (Extremely Likely),Completely Satisfied,
2019-12-05 21:02:45,2019-12-05 21:07:21,IP Address,96.4.165.217,100,276,True,2019-12-05 21:07:21,R_1Le4O5nbAp1A6Bn,,,,,35.106292724609375,-89.94100189208984375,anonymous,EN,Completely Satisfied,Completely Satisfied,Pairing up with another school but same pod,N/a,Completely Satisfied,Completely Satisfied,Session went well,N/a,Completely Satisfied,Having the time to work with team,M/a,Completely Satisfied,Completely Satisfied,Session was informative,N/a,Completely Satisfied,Having a sustained about of time to work,N/a,Strongly Agree,Strongly Agree,"Just making sure we are implementing the process with fidelity ","Shared commitment to action ",Relentless focus on evidence,N/a,Very Good,Quite A Bit,Quite A Bit,,,Working with your Project Team,,,,Strongly Agree,Strongly Agree,Strongly Agree,Strongly Agree,Strongly Agree,Strongly Agree,Strongly Agree,9,Completely Satisfied,N/a
2019-12-05 21:02:47,2019-12-05 21:07:23,IP Address,96.4.165.217,100,276,True,2019-12-05 21:07:23,R_3nShJ6JnsTqYuWB,,,,,35.106292724609375,-89.94100189208984375,anonymous,EN,Completely Satisfied,Completely Satisfied,,,Moderately Satisfied,Moderately Satisfied,,,Completely Satisfied,,,Moderately Satisfied,Moderately Satisfied,,,Moderately Satisfied,,,Strongly Agree,Strongly Agree,,,,,Very Good,Quite A Bit,Quite A Bit,,Case Discussions,Working with your Project Team,Learning with Practitioners from Other Schools,,,Strongly Agree,Strongly Agree,Somewhat Agree,Strongly Agree,Somewhat Agree,Somewhat Agree,Somewhat Agree,9,Moderately Satisfied,
2019-12-05 20:59:34,2019-12-05 21:08:02,IP Address,96.4.165.217,100,508,True,2019-12-05 21:08:02,R_1DAu9PGA66IxbPA,,,,,35.106292724609375,-89.94100189208984375,anonymous,EN,Completely Satisfied,Completely Satisfied,The analysis of Kingsway plan and identifying the instructional gaps.,No changes.,Completely Satisfied,Completely Satisfied,"Working with a middle school team to share ideas and see we had common trends. ",No changes,Completely Satisfied,"The rolling agenda development time was insightful and my team and I gave various view points. ",No changes,Completely Satisfied,Completely Satisfied,"The gallery walk was insightful and gave me additional viewpoints. ","No changes. ",Completely Satisfied,"Referring to the matrix to incorporate strategies that we can use with our teachers. ","No changes. ",Strongly Agree,Somewhat Agree,"Instructional action plan to be more intentional about our focus. ","A(Shared Committment to Action, Assessment, and Adjustment)","Relentless focus on evidence, we have so much data to analyze and tight time constraints to meet as a team to do so.  ",,Excellent,A Great Deal,A Great Deal,,Case Discussions,Working with your Project Team,,,,Strongly Agree,Somewhat Agree,Strongly Agree,Strongly Agree,Somewhat Agree,Strongly Agree,Strongly Agree,10    (Extremely Likely),Completely Satisfied,"Exceptional support for a diverse learning community. "
2019-12-05 21:02:51,2019-12-05 21:08:05,IP Address,96.4.165.217,100,313,True,2019-12-05 21:08:05,R_1QA85L6D1Ne9stW,,,,,35.106292724609375,-89.94100189208984375,anonymous,EN,Completely Satisfied,Completely Satisfied,N/A,N/A,Completely Satisfied,Completely Satisfied,Collaborations,Nothing,Completely Satisfied,Green team time,Nothing,Completely Satisfied,Completely Satisfied,Facilitator provided some great feedback.,Nothing,Completely Satisfied,Ability the debrief with my colleagues,nothing,Strongly Agree,Strongly Agree,Finding time to do this work,Shared Commitment,Action,Great Job,Excellent,Quite A Bit,Quite A Bit,,,,Learning with Practitioners from Other Schools,,,Strongly Agree,Strongly Agree,Somewhat Agree,Strongly Agree,Somewhat Agree,Strongly Agree,Strongly Agree,9,Completely Satisfied,N/A
2019-12-05 21:05:50,2019-12-05 21:08:47,IP Address,96.4.165.217,100,176,True,2019-12-05 21:08:47,R_1CJaTfce8CzMdGs,,,,,35.106292724609375,-89.94100189208984375,anonymous,EN,Completely Satisfied,Completely Satisfied,,,Completely Satisfied,Completely Satisfied,,,Completely Satisfied,completing steps in our journey,,Completely Satisfied,Completely Satisfied,,,Completely Satisfied,"one on one time with adviser - able to refine our LCP and slides ",,Strongly Agree,Strongly Agree,,C,E,,Excellent,A Great Deal,Quite A Bit,Lectures from Faculty,Case Discussions,Working with your Project Team,Learning with Practitioners from Other Schools,,,Strongly Agree,Somewhat Agree,Somewhat Agree,Somewhat Agree,Somewhat Agree,Somewhat Agree,Somewhat Agree,9,Completely Satisfied,
2019-12-05 21:02:15,2019-12-05 21:08:53,IP Address,96.4.165.217,100,397,True,2019-12-05 21:08:53,R_qEfkv9G8eUqCIIp,,,,,35.106292724609375,-89.94100189208984375,anonymous,EN,Moderately Satisfied,Moderately Satisfied,The timing and in-depth feedback in the collaborative document and in-person with our Data Wise person (Dr.  Pena).,n/a,Moderately Satisfied,Moderately Satisfied,The timing and in-depth feedback in the collaborative document and in-person with our Data Wise person (Dr.  Pena).,n/a,Moderately Satisfied,The time to discuss through our action plan.,n/a,Moderately Satisfied,Moderately Satisfied,Engaging personalities and humor after lunch,n/a,Moderately Satisfied,Discussion and re-thinking our plan to make it more laser focused based on the swoosh.,n/a,Somewhat Agree,Somewhat Agree,making sure we are addressing learner-centered issues in every step of the action plan with fidelity.,A & C,E,Thanks for lunch!,Neither Good Nor Bad,Moderately,Moderately,,Case Discussions,Working with your Project Team,Learning with Practitioners from Other Schools,,,Somewhat Agree,Strongly Agree,Neutral,Neutral,Somewhat Agree,Neutral,Neutral,5 (Neutral),Neutral,"By not being overly intentional about diversity. In what ways are you training, grooming, and coaching the next team that will eventually do your work or scale your work? Especially in ways that will determine how equity and inclusion will look in this work for you and the districts you work in."
2019-12-05 21:03:10,2019-12-05 21:08:55,IP Address,96.4.165.217,100,344,True,2019-12-05 21:08:55,R_2qqhQsQwQ2eOdfY,,,,,35.106292724609375,-89.94100189208984375,anonymous,EN,Completely Satisfied,Completely Satisfied,"Talking with colleagues ","none at this time ",Completely Satisfied,Completely Satisfied,"The real life examples ","none at this time ",Completely Satisfied,We were able to set concrete goals,"none at this time ",Completely Satisfied,Completely Satisfied,The four As protocol,"none at this time ",Completely Satisfied,we were able to completely prepare for our next meeting with the staff,none at this time,Strongly Agree,Strongly Agree,"Action plan schedules ",E,"E because we sometimes tend to judge intentions more that relying on the evidence ",none at this time,Excellent,A Great Deal,A Great Deal,,Case Discussions,Working with your Project Team,Learning with Practitioners from Other Schools,,,Strongly Agree,Strongly Agree,Strongly Agree,Strongly Agree,Strongly Agree,Strongly Agree,Strongly Agree,10    (Extremely Likely),Completely Satisfied,"none at this time "
2019-12-05 21:03:25,2019-12-05 21:08:57,IP Address,96.4.165.217,100,331,True,2019-12-05 21:08:57,R_egqya5rhOvqVEnT,,,,,35.106292724609375,-89.94100189208984375,anonymous,EN,Completely Satisfied,Completely Satisfied,,,Completely Satisfied,Completely Satisfied,It was very effective using a case to work from in order to be able to conceptualize as well as visualize the process. Rather than trying to hypothetically think through a self created scenario.,,Completely Satisfied,,,Completely Satisfied,Completely Satisfied,,,Completely Satisfied,,,Strongly Agree,Strongly Agree,Identifying the various opportunities for support and collaboration across the Izone and district initiatives and different departments,Shared Commitment,Intentional Collaboration,,Excellent,A Great Deal,A Great Deal,,,Working with your Project Team,,,,Strongly Agree,Neutral,Strongly Agree,Strongly Agree,Strongly Agree,Strongly Agree,Strongly Agree,9,Completely Satisfied,
2019-12-05 21:03:01,2019-12-05 21:09:00,IP Address,96.4.165.217,100,358,True,2019-12-05 21:09:00,R_stggU4LtE2RubHH,,,,,35.106292724609375,-89.94100189208984375,anonymous,EN,Completely Satisfied,Completely Satisfied,,,Completely Satisfied,Completely Satisfied,,,Completely Satisfied,"Allowed team to align Data Wise Work with current problem of practice throughline of school ",,Completely Satisfied,Completely Satisfied,,,Completely Satisfied,,,Strongly Agree,Strongly Agree,Spearheading work of Instructional Leadership Team,Intentional Collaboration,Relentless Focus on Evidence,,Excellent,A Great Deal,A Great Deal,,Case Discussions,Working with your Project Team,Learning with Practitioners from Other Schools,,,Strongly Agree,Strongly Agree,Strongly Agree,Strongly Agree,Strongly Agree,Strongly Agree,Strongly Agree,10    (Extremely Likely),Completely Satisfied,
2019-12-05 21:02:53,2019-12-05 21:09:04,IP Address,96.4.165.217,100,370,True,2019-12-05 21:09:04,R_6yBQTCVKOUeO3iF,,,,,35.106292724609375,-89.94100189208984375,anonymous,EN,Completely Satisfied,Completely Satisfied,plus - see real school's data,having a plan as an exemplar,Completely Satisfied,Completely Satisfied,Actually completing reflection without calling it a reflection,"See more of it, and practice more",Completely Satisfied,Collaborating away from campus with NO interruptions,More time to collaborate and plan with other schools,Completely Satisfied,Completely Satisfied,Determining if the plan worked by participaing in an actual review,More time to plan an actual plan from our school based on our data,Completely Satisfied,time allowed to work,"Turning a product so that everyone in our group actually participates. ",Strongly Agree,Strongly Agree,Buy in strategies for teachers in the DAta wise process,Intentional collaboration,Agree on what to do what needs to be done,,Excellent,A Great Deal,A Great Deal,,Case Discussions,,,,,Strongly Agree,Strongly Agree,Strongly Agree,Strongly Agree,Strongly Agree,Strongly Agree,Strongly Agree,10    (Extremely Likely),Completely Satisfied,Just add demographically applicable videos
2019-12-05 21:04:09,2019-12-05 21:09:20,IP Address,96.4.165.217,100,310,True,2019-12-05 21:09:20,R_2SkLFdQq775NW4L,,,,,35.106292724609375,-89.94100189208984375,anonymous,EN,Moderately Satisfied,Moderately Satisfied,Being able to plan for next data wise meeting,n/a,Moderately Satisfied,Moderately Satisfied,Planning Time,n/a,Moderately Satisfied,Planning Time,n/a,Moderately Satisfied,Moderately Satisfied,Planning Time,n/a,Moderately Satisfied,Planning Time,n/a,Somewhat Agree,Somewhat Agree,The action plan,Intentional Collaboration,Collaboration with coworkers to complete the action plan,,Very Good,Quite A Bit,Quite A Bit,Lectures from Faculty,Case Discussions,Working with your Project Team,Learning with Practitioners from Other Schools,,,Somewhat Agree,Somewhat Agree,Somewhat Agree,Somewhat Agree,Somewhat Agree,Somewhat Agree,Somewhat Agree,7,Moderately Satisfied,"No improvements needed, you adjusted after listening to our alphas and betas"
2019-12-05 21:03:43,2019-12-05 21:09:26,IP Address,96.4.165.217,100,342,True,2019-12-05 21:09:26,R_3QQn4OhHX0Rp8ML,,,,,35.106292724609375,-89.94100189208984375,anonymous,EN,Completely Satisfied,Completely Satisfied,Collaborating with other teams,Nothing,Completely Satisfied,Completely Satisfied,Collaborating with other teams,Nothing,Completely Satisfied,,,Completely Satisfied,Completely Satisfied,,,Completely Satisfied,Working with team members and input from the training facilitor.,Nothing,Strongly Agree,Strongly Agree,Implementation,Relentless Focus on Evidence,,,Very Good,Quite A Bit,A Great Deal,Lectures from Faculty,Case Discussions,Working with your Project Team,Learning with Practitioners from Other Schools,,,Somewhat Agree,Somewhat Agree,Somewhat Agree,Somewhat Agree,Somewhat Agree,Somewhat Agree,Somewhat Agree,10    (Extremely Likely),Completely Satisfied,
2019-12-05 21:04:20,2019-12-05 21:09:32,IP Address,174.236.131.97,100,312,True,2019-12-05 21:09:32,R_1IYSGlmcFV0UzDL,,,,,34.7902069091796875,-92.50440216064453125,anonymous,EN,Moderately Satisfied,Moderately Satisfied,,,Completely Satisfied,Completely Satisfied,"Entertaining stories, ability to view action plans as an exemplar","Warm up activity to get juices flowing ",Completely Satisfied,"Collaboration ",,,Completely Satisfied,"Good information ","More time explaining 4A activity before moving and discussing ",Moderately Satisfied,,"I know we asked for more time, but it was a lot of time ",Strongly Agree,Strongly Agree,,"Intentional collaboration ",,,Very Good,A Great Deal,A Great Deal,,Case Discussions,,Learning with Practitioners from Other Schools,,,Strongly Agree,Somewhat Agree,Strongly Agree,Strongly Agree,Strongly Agree,Strongly Agree,Strongly Agree,8,Completely Satisfied,
2019-12-05 21:03:49,2019-12-05 21:09:36,IP Address,96.4.165.217,100,347,True,2019-12-05 21:09:37,R_29afl7sRDExyZaD,,,,,35.106292724609375,-89.94100189208984375,anonymous,EN,Completely Satisfied,Completely Satisfied,,"Nothing ",Completely Satisfied,Completely Satisfied,,"Discussion ",Completely Satisfied,"More time for collaboration ","Nothing ",Completely Satisfied,Completely Satisfied,"Everything ","Nothing ",Completely Satisfied,Reflecting on progress and next steps,"Nothing ",Strongly Agree,Strongly Agree,Measuring progress,"C intentional collaboration ",A - teacher community buy in,No,Excellent,A Great Deal,A Great Deal,Lectures from Faculty,Case Discussions,Working with your Project Team,Learning with Practitioners from Other Schools,,,Strongly Agree,Strongly Agree,Somewhat Agree,Strongly Agree,Somewhat Agree,Somewhat Agree,Somewhat Agree,10    (Extremely Likely),Completely Satisfied,"Nothing "
2019-12-05 21:03:04,2019-12-05 21:09:57,IP Address,96.4.165.217,100,412,True,2019-12-05 21:09:57,R_3KVGvtoDq45ftFT,,,,,35.106292724609375,-89.94100189208984375,anonymous,EN,Completely Satisfied,Completely Satisfied,I appreciated the adjustment to the time and getting us to the meat of the content quicker.,NA,Completely Satisfied,Completely Satisfied,Real-world application/examples were greatly beneficial to understanding the theory behind the DataWise process and protocols,NA,Completely Satisfied,Collaborating with the team and the school-specific feedback,NA,Moderately Satisfied,Moderately Satisfied,It was just a bit tough to maintain focus given the amount of information we've internalized over the last 2 days and the timing of the session (after lunch),"Another room energizer (i.e. High 5, Rock/Paper/Scissors, etc.) would have helped before starting the session",Moderately Satisfied,Having time to work with colleagues.,NA,Strongly Agree,Somewhat Agree,I can't think of anything at this time.,C - Intentional Collaboration,E - Relentless Focus on Evidence,1Another great day of learning! We greatly appreciate the support from the DataWIse team!,Excellent,A Great Deal,Quite A Bit,,Case Discussions,Working with your Project Team,Learning with Practitioners from Other Schools,,,Strongly Agree,Somewhat Agree,Somewhat Agree,Somewhat Agree,Somewhat Agree,Somewhat Agree,Strongly Agree,10    (Extremely Likely),Completely Satisfied,No suggestions at this time.
2019-12-05 21:04:03,2019-12-05 21:09:58,IP Address,96.4.165.217,100,354,True,2019-12-05 21:09:58,R_3PTBpkCBfOZ4lR6,,,,,35.106292724609375,-89.94100189208984375,anonymous,EN,Completely Satisfied,Completely Satisfied,,The session was not so fast paced.  I have a better conceptual understanding of the steps dealing with data wise.,Completely Satisfied,Completely Satisfied,,,,,,Moderately Satisfied,Moderately Satisfied,,I would want more clarity on how to implement step 8,Moderately Satisfied,"The flexibility of each session. ","The format of the data wise agenda is very detail and it does not lead much to add to the agenda.  There is no clarification in if the agenda needs to be modified. ",Somewhat Agree,Somewhat Agree,,,,,Very Good,Quite A Bit,Quite A Bit,,Case Discussions,Working with your Project Team,,,,Somewhat Agree,Somewhat Agree,Somewhat Agree,Somewhat Agree,Somewhat Agree,Somewhat Agree,Somewhat Agree,7,Moderately Satisfied,"Each step is very detail and requires more than two days.  These session really brought light to session 1-4.  I realized our team was going too fast in each step and not making the necessary adjustments when needed.   "
2019-12-05 21:02:52,2019-12-05 21:10:28,IP Address,96.4.165.217,100,456,True,2019-12-05 21:10:29,R_2wLd5AXeH6nBrTk,,,,,35.106292724609375,-89.94100189208984375,anonymous,EN,Completely Satisfied,Completely Satisfied,,,Completely Satisfied,Completely Satisfied,"Analyzing the example, as usual, was helpful to give a concrete example and practice. Additionally, this was a great reminder to look for equity.",,Completely Satisfied,Thanks for giving us the option to go back and look at what we need to fill in for previous steps--y'all have really allowed us to feel comfortable with where we are on this journey even if we're not as far as we thought we'd be at this point.,,Completely Satisfied,Moderately Satisfied,"The graphic organizers to track progress for Step 8 were helpful and made the expectations clearer. The 4As protocol was also a useful framework and one I could see myself using in other contexts. ",The data table in the example was difficult to understand.,Neutral,,"It was difficult to engage in at this point in the day, but I feel that is more so on our team than on y'all.",Strongly Agree,Somewhat Agree,Transitioning from one step to the next--e.g. making the process smooth and clear as we communicate it to our team back at school,"A (commitment to action, specifically)",E--We are still struggling to ground everything we say and do in evidence. We can be quick to make judgments based on perception without slowing down to stay low on the ladder of inference for a while.,Thank you for the work that you are doing! It does matter. Your commitment to serving us is evident in the way you seek and respond to feedback and assume positive intentions. Keep it up!,Excellent,A Great Deal,Quite A Bit,Lectures from Faculty,Case Discussions,Working with your Project Team,Learning with Practitioners from Other Schools,,,Strongly Agree,Somewhat Agree,Strongly Agree,Neutral,Somewhat Agree,Strongly Agree,Strongly Agree,9,Completely Satisfied,
2019-12-05 21:04:17,2019-12-05 21:10:29,IP Address,96.4.165.217,100,372,True,2019-12-05 21:10:30,R_2QJxA8xngZHSIQz,,,,,35.106292724609375,-89.94100189208984375,anonymous,EN,Completely Satisfied,Completely Satisfied,"Feedback ","None at this time ",Completely Satisfied,Completely Satisfied,"Feedback ","None at this time ",Completely Satisfied,"Feedback ","None at this time ",Completely Satisfied,Completely Satisfied,"Feedback ","None at this time ",Completely Satisfied,"Feedback ","None at this time ",Strongly Agree,Strongly Agree,"Section 5.#2 Problem of Practice ","Intentional Collaboration ","None at this time ",,Very Good,A Great Deal,A Great Deal,Lectures from Faculty,,,,,,Strongly Agree,Strongly Agree,Strongly Agree,Strongly Agree,Strongly Agree,Somewhat Agree,Strongly Agree,10    (Extremely Likely),Completely Satisfied,
2019-12-05 21:05:04,2019-12-05 21:10:32,IP Address,96.4.165.217,100,328,True,2019-12-05 21:10:33,R_1FtCWTZwskDlLAR,,,,,35.106292724609375,-89.94100189208984375,anonymous,EN,Completely Satisfied,Completely Satisfied,To the point,Nothing,Completely Satisfied,Completely Satisfied,"Engaging, time for collaboration",nothing,Completely Satisfied,Great time for collaboration,nothing,Completely Satisfied,Completely Satisfied,Exemplars helped guide the learning,Nothing,Completely Satisfied,Real life application,Nothing,Strongly Agree,Strongly Agree,Completing multiple cycles simultaneously,Relentless focus on evidence,"Shared commitment to action , assessment, and adjustment",none,Neither Good Nor Bad,Moderately,Moderately,,,,Learning with Practitioners from Other Schools,,,Somewhat Agree,Somewhat Agree,Somewhat Agree,Somewhat Agree,Somewhat Agree,Somewhat Agree,Somewhat Agree,4,Completely Satisfied,no need
2019-12-05 21:03:28,2019-12-05 21:10:41,IP Address,172.56.21.195,100,432,True,2019-12-05 21:10:41,R_pQQYnHZzpkNBzb3,,,,,40.08099365234375,-82.93830108642578125,anonymous,EN,Completely Satisfied,,Everything,Nothing,Completely Satisfied,,Gerting ideas about action plans. More time to discuss in groups,Nothing,Completely Satisfied,We were able to reflect on this process as it relates to our school,Nothing,Completely Satisfied,,Everything,Nothing,Completely Satisfied,We were able to plan for our next meeting.,Nothing,Strongly Agree,Strongly Agree,Just continuing the process with fidelity,A,"E-We have to be more consistent with observing for non-judgmental evidence. ",,Excellent,A Great Deal,Quite A Bit,,Case Discussions,Working with your Project Team,,,,Strongly Agree,Somewhat Agree,Somewhat Agree,Strongly Agree,,Strongly Agree,Strongly Agree,9,Completely Satisfied,You're doing a great job.
2019-12-05 21:02:23,2019-12-05 21:10:43,IP Address,174.236.133.79,100,499,True,2019-12-05 21:10:43,R_2wBMWY3V0SgiEDX,,,,,35.11279296875,-89.90850067138671875,anonymous,EN,Completely Satisfied,Completely Satisfied,,,Completely Satisfied,Completely Satisfied,"Collaboration with other schools, seeing and analyzing a plan",,Completely Satisfied,We were able to revise our priority question and LCP based on the learning from Day 1 and Day 2.,,Completely Satisfied,Completely Satisfied,The graphic organizer that showed the teacher’s adjustments is a useful tool.,,Completely Satisfied,"The one on one coaching was valuable. ",,Strongly Agree,Strongly Agree,Fitting Data Wise with all of the other initiatives we have,A,C- Scheduling time for meaningful collaboration without distractions is sometimes a challenge.,,Very Good,Quite A Bit,Quite A Bit,,Case Discussions,Working with your Project Team,Learning with Practitioners from Other Schools,,,Strongly Agree,Strongly Agree,Strongly Agree,Strongly Agree,Strongly Agree,Neutral,Strongly Agree,8,Completely Satisfied,
2019-12-05 21:04:26,2019-12-05 21:10:58,IP Address,96.4.165.217,100,391,True,2019-12-05 21:10:58,R_1OT6OToLSqf9pzT,,,,,35.106292724609375,-89.94100189208984375,anonymous,EN,Moderately Satisfied,Moderately Satisfied,,,Moderately Satisfied,Moderately Satisfied,,,Completely Satisfied,,,Completely Satisfied,Moderately Satisfied,,,Completely Satisfied,"getting our plan together ",,Strongly Agree,Strongly Agree,,,"Shared commitment having teacher to take more owndership in the work and adjust ",,Excellent,A Great Deal,A Great Deal,,,,,,,Strongly Agree,Somewhat Agree,Strongly Agree,Strongly Agree,Strongly Agree,Somewhat Agree,Strongly Agree,,Completely Satisfied,"If you have schools that are like our school district please share  those videos as a reference . "
2019-12-05 21:02:53,2019-12-05 21:11:17,IP Address,174.236.139.63,100,504,True,2019-12-05 21:11:18,R_2zHNmQcDdrApJoN,,,,,35.11279296875,-89.90850067138671875,anonymous,EN,Completely Satisfied,Completely Satisfied,"He set the stage for the day with a nice speedy flow through PowerPoint ",Nothing... I enjoyed the session,Completely Satisfied,Completely Satisfied,The use of the bridge/ real world connection in regards to understanding the connection of steps 6-7,Nothing.... I enjoyed their session,Completely Satisfied,,,Completely Satisfied,Completely Satisfied,"Enjoyed the discussions the relaxation of the presenters! Better than yesterday, a great flow!","Nothing, I enjoyed their session",Completely Satisfied,,,Strongly Agree,Strongly Agree,Creating action plan,Intentional collaboration with colleagues and facilitators,,,Excellent,A Great Deal,A Great Deal,Lectures from Faculty,Case Discussions,Working with your Project Team,,,,Strongly Agree,Strongly Agree,Strongly Agree,Strongly Agree,Strongly Agree,Strongly Agree,Strongly Agree,10    (Extremely Likely),Completely Satisfied,
2019-12-05 21:02:39,2019-12-05 21:11:21,IP Address,96.4.165.217,100,521,True,2019-12-05 21:11:21,R_3G0Tz1GYtOqEkU3,,,,,35.106292724609375,-89.94100189208984375,anonymous,EN,Completely Satisfied,Completely Satisfied,"Taking the time to be reflective and sharing of ideas. ",na,Completely Satisfied,Completely Satisfied,Having resources and tools available,na,Completely Satisfied,Be able to provide one another with feedback,na,Completely Satisfied,Completely Satisfied,"tools and resources ",na,Completely Satisfied,having time to plan,na,Strongly Agree,Strongly Agree,celebrating the successes,E,C,na,Very Good,A Great Deal,Moderately,,,,Learning with Practitioners from Other Schools,,,Strongly Agree,Strongly Agree,Strongly Agree,Strongly Agree,Strongly Agree,Strongly Agree,Strongly Agree,9,Neutral,"Presenting case studies from schools (if applicable) that you have worked with that are similar to the teachers and students we work with "
2019-12-05 21:04:40,2019-12-05 21:11:27,IP Address,96.4.165.217,100,407,True,2019-12-05 21:11:27,R_2dzmUGsvQt8Hn2p,,,,,35.106292724609375,-89.94100189208984375,anonymous,EN,Moderately Satisfied,Moderately Satisfied,discussion,nothing,Completely Satisfied,Completely Satisfied,"reviewing and discussing the action plans and having support from coaches to address concerns or wonderings we may have had. ",nothing,Completely Satisfied,"collaboration ",nothing,Completely Satisfied,Completely Satisfied,reviewing action plans and then discussing wonderings gave me something new to think about and look at,nothing,Moderately Satisfied,collaboration,nothing,Strongly Agree,Somewhat Agree,effective action planning,intentional colalboration,shared commitment to adjustment,"thanks for the sessions.  Now I see the big picture from beginning to end and it makes more sense to me now. ",Very Good,A Great Deal,Quite A Bit,Lectures from Faculty,Case Discussions,Working with your Project Team,Learning with Practitioners from Other Schools,,,Strongly Agree,Strongly Agree,Strongly Agree,Strongly Agree,Somewhat Agree,Somewhat Agree,Somewhat Agree,8,Moderately Satisfied,"inlcuding more data and schools that look like the ones we serve. "
2019-12-05 21:02:16,2019-12-05 21:11:41,IP Address,96.4.165.217,100,565,True,2019-12-05 21:11:42,R_3NJ7VQoRBzNm9M1,,,,,35.106292724609375,-89.94100189208984375,anonymous,EN,Completely Satisfied,Completely Satisfied,"presenter, showing the comparison",n/a,Completely Satisfied,Completely Satisfied,"the tools presented, collaboration with other school",n/a,Completely Satisfied,having the time to think and collaborate and put words to paper with intentional reflection,n/a,Completely Satisfied,Completely Satisfied,"4 As protocol was a awesome tool, and having the examples of the other schools was insightful",n/a,Completely Satisfied,"collaborative planning with the team and working on next steps, meeting objectives","give teams more reminders on keeping pace, ",Strongly Agree,Strongly Agree,feedback on our progress and hopefully we are at a good place to be able to complete the cycle by the end of the year.,intentional collaboration,action and adjustments,,Excellent,A Great Deal,Quite A Bit,Lectures from Faculty,Case Discussions,Working with your Project Team,Learning with Practitioners from Other Schools,,,Strongly Agree,Strongly Agree,Strongly Agree,Strongly Agree,Strongly Agree,Strongly Agree,Strongly Agree,10    (Extremely Likely),Completely Satisfied,"come more, more coaching session, more examples of other schools going through the cycle. "
2019-12-05 21:07:14,2019-12-05 21:11:59,IP Address,96.4.165.217,100,285,True,2019-12-05 21:12:00,R_2YSA1GoqmkTM0Su,,,,,35.106292724609375,-89.94100189208984375,anonymous,EN,Completely Satisfied,Completely Satisfied,going through this step processs,nothing,Completely Satisfied,Completely Satisfied,"interaction, breaking the process, great explanations",nothing,Completely Satisfied,clarity of information,nothing,Completely Satisfied,Completely Satisfied,details,nothing,Completely Satisfied,clarity of information,nothing,Strongly Agree,Strongly Agree,will know more while working through it,focus on evidence,neither,,Excellent,A Great Deal,A Great Deal,Lectures from Faculty,Case Discussions,Working with your Project Team,Learning with Practitioners from Other Schools,,,Strongly Agree,Strongly Agree,Strongly Agree,Strongly Agree,Strongly Agree,Strongly Agree,Strongly Agree,9,Completely Satisfied,
2019-12-05 21:04:43,2019-12-05 21:12:00,IP Address,96.4.165.217,100,437,True,2019-12-05 21:12:00,R_3KrXQressHNVQoC,,,,,35.106292724609375,-89.94100189208984375,anonymous,EN,Completely Satisfied,Completely Satisfied,Interactive,N/A,Completely Satisfied,Completely Satisfied,Interactive,N/A,Completely Satisfied,Organized,More time,Completely Satisfied,Completely Satisfied,Interactive,More examples,Completely Satisfied,Great guidance prior to the release to plan,More time,Strongly Agree,Strongly Agree,Action planning,Adjustment,Adjustment,N/a,Excellent,A Great Deal,A Great Deal,,Case Discussions,Working with your Project Team,Learning with Practitioners from Other Schools,,,Strongly Agree,Strongly Agree,Strongly Agree,Strongly Agree,Strongly Agree,Strongly Agree,Strongly Agree,10    (Extremely Likely),Completely Satisfied,N/A
2019-12-05 21:05:27,2019-12-05 21:12:07,IP Address,96.4.165.217,100,400,True,2019-12-05 21:12:08,R_3Jf8FOcwUu54h1n,,,,,35.106292724609375,-89.94100189208984375,anonymous,EN,Completely Dissatisfied,Completely Dissatisfied,collaborating with other schools,nothing,Completely Dissatisfied,Completely Dissatisfied,Being able to look at kingsWay plan,I would like to been able to see a more efficient exemplar,Completely Dissatisfied,We were able to go bakc and adjust our LCP and POP to align more with the standard,More work time,Completely Dissatisfied,Completely Dissatisfied,Being able to select the protocols the team will use and having exemplars,nothing,Completely Dissatisfied,Being able to collaborate and be intentional about this work and what needs to be done to meet our goals.,I would like to see the Data wise team provide more one-on-one time with each team,Completely Disagree,Somewhat Agree,assessing and looking at data to adjust the plan,"intentional collaboration ",Relentless focus on evidence,None,Very Good,A Great Deal,,,,,,,,Strongly Agree,Strongly Agree,Somewhat Agree,Somewhat Agree,Neutral,Somewhat Agree,Somewhat Agree,9,Completely Satisfied,
2019-12-05 21:07:07,2019-12-05 21:12:09,IP Address,172.56.21.31,100,301,True,2019-12-05 21:12:09,R_1hYAtdS8lswQ65U,,,,,40.08099365234375,-82.93830108642578125,anonymous,EN,Completely Satisfied,Completely Satisfied,Seeing benefits if using DW,N/A,Completely Satisfied,Completely Satisfied,"Some real work was done in this session! ",N/A,Completely Satisfied,"Collaboration time and conversations with teacher partners ",N/A,Completely Satisfied,Completely Satisfied,Held my attention throughout the piece,N/A,Completely Satisfied,The conversations with our Teacher fellows,N/A,Strongly Agree,Strongly Agree,"Contact information on specialists ","Intentional collaboration ","Shared commitment to action ",N/A,Excellent,A Great Deal,A Great Deal,,Case Discussions,Working with your Project Team,Learning with Practitioners from Other Schools,,,Strongly Agree,Strongly Agree,Strongly Agree,Strongly Agree,Strongly Agree,Strongly Agree,Strongly Agree,10    (Extremely Likely),Completely Satisfied,N/A
2019-12-05 21:03:15,2019-12-05 21:12:12,IP Address,96.4.165.217,100,537,True,2019-12-05 21:12:13,R_2E789x6r4rmpm5e,,,,,35.106292724609375,-89.94100189208984375,anonymous,EN,Completely Satisfied,Completely Satisfied,"We were able to work collaboratively with our team to determine short, medium, and short term goals. ",,Completely Satisfied,Completely Satisfied,We were able to work collaboratively with our team at our school to think about the next steps and in our data wise journey.,,Completely Satisfied,Fellow provided pertinent information.,,Completely Satisfied,Completely Satisfied,We were able to work collaboratively with our team at our school and other schools to glean pertinent information.,,Completely Satisfied,We were able to work collaboratively with our team at our school to plan for upcoming meetings focusing on Steps 4 -6.,,Strongly Agree,Strongly Agree,We have already discussed the fact of combining all of the different plans to create one plan to lessen anxiety.,"I joined the data wise team a little later in the year. This ACE habit theta has been a strength to me is the shared committment that the team must share. ",,,Excellent,A Great Deal,A Great Deal,Lectures from Faculty,Case Discussions,Working with your Project Team,Learning with Practitioners from Other Schools,,,Strongly Agree,Strongly Agree,Strongly Agree,Strongly Agree,Strongly Agree,Strongly Agree,Strongly Agree,10    (Extremely Likely),Completely Satisfied,
2019-12-05 21:02:38,2019-12-05 21:12:15,IP Address,96.4.165.217,100,576,True,2019-12-05 21:12:15,R_3PM1FVgPdrbT1xr,,,,,35.106292724609375,-89.94100189208984375,anonymous,EN,Completely Satisfied,Completely Satisfied,,,,,N/A,"For annotation purposes, post focus questions/ ideas for us to refer back to. There was a lot of data to examine and it became slightly overwhelming at times (without focus).",Completely Satisfied,We were able to discuss with our school members how to effectively implement what we have learned into our practices. We given time to reexamine our steps and amend our thought processes.,N/A,Completely Satisfied,Completely Satisfied,,N/A,Completely Satisfied,We were able to discuss with our school members how to effectively implement what we have learned into our practices. We given time to reexamine our steps and amend our thought processes.,N/A,Strongly Agree,Somewhat Agree,Fine-tuning our steps and having outside eyes and ears to reflect and partner with.,Collaboration,"Shared Commitment to Action, Assessment, and Adjustment",N/A,Excellent,A Great Deal,A Great Deal,Lectures from Faculty,Case Discussions,Working with your Project Team,Learning with Practitioners from Other Schools,,,Strongly Agree,Strongly Agree,Strongly Agree,Strongly Agree,Strongly Agree,Strongly Agree,Strongly Agree,10    (Extremely Likely),Completely Satisfied,
2019-12-05 21:01:41,2019-12-05 21:12:19,IP Address,96.4.165.217,100,637,True,2019-12-05 21:12:19,R_2fl0fdtiS528fMY,,,,,35.106292724609375,-89.94100189208984375,anonymous,EN,Completely Satisfied,Completely Satisfied,,,Completely Satisfied,Completely Satisfied,"Seeing a school already begin the process of these steps which helped our group to think of how we can make our adjustments. ",Having more information about the data from the school we were looking at would have helped.,Completely Satisfied,Being able to work with my team and brainstorm ideas on how to incorporate this into the schedules of all other colleagues and come up with a plan.,,Completely Satisfied,Completely Satisfied,The quality of information was useful.,"Since there was so much reading to do, especially after lunch, maybe come up with another way to present this information. Maybe have the morning session for the reading and a gallery walk or something to get us up after eating lunch. ",Completely Satisfied,,,Strongly Agree,Strongly Agree,"How to present this information to colleagues to ensure that we are on the same page with looking at data and making the necessary adjustments/improvements. ","A (Shared Commitment to Action, Assessment and Adjustment)",,,Excellent,A Great Deal,Quite A Bit,,Case Discussions,Working with your Project Team,Learning with Practitioners from Other Schools,,,Strongly Agree,Somewhat Agree,Strongly Agree,Somewhat Agree,Strongly Agree,Somewhat Agree,Strongly Agree,10    (Extremely Likely),Neutral,"It would have been more helpful to see the videos and data from the demographics of SCS District.  All of the information was helpful and useful, but not realistic for some of us, the students we serve, class sizes, ect. "
2019-12-05 21:07:11,2019-12-05 21:12:23,IP Address,96.4.165.217,100,312,True,2019-12-05 21:12:23,R_sO9SljLFSEh1ZTj,,,,,35.106292724609375,-89.94100189208984375,anonymous,EN,Completely Satisfied,Completely Satisfied,"Opportunity to understand the next steps ",N/A,Completely Satisfied,Completely Satisfied,Understanding the importance of making a solid action plan,N/A,Completely Satisfied,During our session we discovered that it was okay to streamline the process to fit the unique situation of out K8 school,N/A,Completely Satisfied,Completely Satisfied,Enjoyed collaborating with other schools in our pod to discuss action steps,N/A,Completely Satisfied,We were able to fine tune our timeline and discuss on boarding processes for our new teachers who will be joining us next semester with DW in mind,N/A,Strongly Agree,Strongly Agree,"Incorporating the DW concept in the on-boarding process ",C,AN/A,,Excellent,A Great Deal,A Great Deal,,,Working with your Project Team,,,,Strongly Agree,Strongly Agree,Strongly Agree,Strongly Agree,Strongly Agree,Strongly Agree,Strongly Agree,9,Completely Satisfied,N.A
2019-12-05 21:04:31,2019-12-05 21:12:26,IP Address,96.4.165.217,100,474,True,2019-12-05 21:12:26,R_2RUguIwYyEUKpsZ,,,,,35.106292724609375,-89.94100189208984375,anonymous,EN,Completely Satisfied,Completely Satisfied,,,Completely Satisfied,Completely Satisfied,"Using Data Wise Models from other schools is very similiar to analyzing student work, very helpful as a catalyst for revisions",,Completely Satisfied,"We ALMOST had enough time! Thank you, but is there ever?",,Completely Satisfied,Completely Satisfied,"The 4 As protocol ",,Completely Satisfied,We had enough time AND we had William all to ourselves for feedback!,,Strongly Agree,Strongly Agree,"Explicit coaching on the POP, and LCP, I am still confused, I thought we had it","action assessment and adjust ",relentless focus on student work as evidence our teachers are very hesitant with this process,This is still the BEST training I have had in 10 years. You are making me think in new ways and I love it! I have been in the business a very long time and needed this training,Excellent,,A Great Deal,,Case Discussions,Working with your Project Team,Learning with Practitioners from Other Schools,,,Strongly Disagree,Strongly Disagree,Strongly Disagree,Strongly Disagree,Strongly Disagree,Strongly Disagree,Strongly Disagree,10    (Extremely Likely),Completely Satisfied,
2019-12-05 21:09:06,2019-12-05 21:12:28,IP Address,50.86.49.71,100,202,True,2019-12-05 21:12:28,R_UVWG9FAuX0FBZOF,,,,,31.3079986572265625,-89.306396484375,anonymous,EN,,,,,,,,,,,,,,,,,,,Strongly Agree,Strongly Agree,Step 6 and 7,A AND C,E,No,Very Good,A Great Deal,Quite A Bit,Lectures from Faculty,Case Discussions,Working with your Project Team,Learning with Practitioners from Other Schools,,,Strongly Agree,Strongly Agree,Strongly Agree,Strongly Agree,Strongly Agree,Strongly Agree,Strongly Agree,10    (Extremely Likely),Completely Satisfied,None
2019-12-05 21:02:57,2019-12-05 21:12:48,IP Address,107.77.232.109,100,591,True,2019-12-05 21:12:49,R_9Hrexg7Jx0VnpGV,,,,,36.1670989990234375,-86.786102294921875,anonymous,EN,Moderately Satisfied,Moderately Satisfied,The ability to analyze a data wise improvement process/instructional plan and evaluating the noticings/wonderings,,Moderately Satisfied,Moderately Satisfied,The ability to analyze a data wise improvement process/instructional plan and evaluating the noticings/wonderings,Uploading PPt quicker.,Moderately Satisfied,Feedback from Michael to make sure it had student equity.,,Moderately Satisfied,Moderately Satisfied,,,Moderately Satisfied,The opportunity to work collaboratively on our data wise improvement journey template with feedback from the data wise team.,,Strongly Agree,Somewhat Agree,More strategies to continue to assess and act upon our plans.,Relentless Focus on Evidence,"Shared commitment to action, assessment, and adjustment.",,Very Good,Quite A Bit,Quite A Bit,Lectures from Faculty,Case Discussions,Working with your Project Team,Learning with Practitioners from Other Schools,,,Strongly Agree,Somewhat Agree,Strongly Agree,Somewhat Agree,Somewhat Agree,Somewhat Agree,Somewhat Agree,8,Completely Satisfied,
2019-12-05 21:03:16,2019-12-05 21:12:50,IP Address,96.4.165.217,100,574,True,2019-12-05 21:12:50,R_3PnPduoAMeLErVW,,,,,35.106292724609375,-89.94100189208984375,anonymous,EN,Completely Satisfied,Completely Satisfied,The session was very informative,More time is needed to dive into the meat of what we need to do,Completely Satisfied,Completely Satisfied,Action planning provided good examples on what could be done with the process,It's not clear if the process work because there were no real data.,Completely Satisfied,The session allowed time for teams to work on their plan without the day-to-day interruptions,Nothing,Completely Satisfied,Completely Satisfied,,,Completely Satisfied,,,Strongly Agree,Strongly Agree,Refocusing the plan,Intentional Collaboration,,,Excellent,A Great Deal,A Great Deal,Lectures from Faculty,Case Discussions,Working with your Project Team,Learning with Practitioners from Other Schools,,,Strongly Agree,Strongly Agree,Strongly Agree,Strongly Agree,Strongly Agree,Strongly Agree,Strongly Agree,10    (Extremely Likely),Completely Satisfied,
2019-12-05 21:05:02,2019-12-05 21:12:56,IP Address,96.4.165.217,100,474,True,2019-12-05 21:12:57,R_1jDnAMuFW88tLQK,,,,,35.106292724609375,-89.94100189208984375,anonymous,EN,Completely Satisfied,Completely Satisfied,"Walking through the instructional action plan ",Nothing,Completely Satisfied,Completely Satisfied,Collaborating with other schools during the session,Nothing,Completely Satisfied,Very informative session,Nothing,Completely Satisfied,Completely Satisfied,Good information was shared and we were able to process this as team,Nothing,Completely Satisfied,"Our team was able to hash out a plan of action collaboratively that we can share with other staff ",Nothing,Neutral,Strongly Agree,Re-energizing our team around the Data-Wise process so we maintain integrity in our practices,Intentional Collaboration,Relentless focus on evidence,Safe travels and Happy Holidays to you all.,Excellent,A Great Deal,Quite A Bit,,,Working with your Project Team,Learning with Practitioners from Other Schools,,,Somewhat Agree,Somewhat Agree,Strongly Agree,Somewhat Agree,Somewhat Agree,Somewhat Agree,Somewhat Agree,10    (Extremely Likely),Completely Satisfied,Can't think of anything at this time.
2019-12-05 21:02:44,2019-12-05 21:13:17,IP Address,96.4.165.217,100,632,True,2019-12-05 21:13:18,R_1iq6HcL4uJLtlBG,,,,,35.106292724609375,-89.94100189208984375,anonymous,EN,Completely Satisfied,Completely Satisfied,This session was very beneficial because it gave our team an opportunity to look at our processess.,No changes are needed to this session.,Completely Satisfied,Completely Satisfied,We were able to share our thoughts with other schools. This process is always are great learning tool.,No changes are needed to this session.,Completely Satisfied,The team meeting are always a great opportunity to look at whats working and plan next steps.,No changes are needed for this session.,Completely Satisfied,Completely Satisfied,This session identified the our actions that will give teachers the opportunities to improve learning strategies.,No changes are needed for this session.,Completely Satisfied,We had some time to effective plan and identify our next steps.,No changes are needed for this session.,Strongly Agree,Strongly Agree,Looking/Reviewing at our next steps.,Intentional Collaboration has been a strength for me over these two days.,,,Excellent,A Great Deal,A Great Deal,Lectures from Faculty,Case Discussions,Working with your Project Team,Learning with Practitioners from Other Schools,,,Strongly Agree,Strongly Agree,Strongly Agree,Strongly Agree,Strongly Agree,Strongly Agree,Strongly Agree,10    (Extremely Likely),Completely Satisfied,
2019-12-05 21:05:15,2019-12-05 21:13:29,IP Address,96.4.165.217,100,493,True,2019-12-05 21:13:29,R_UDx4SVKDUdygUcp,,,,,35.106292724609375,-89.94100189208984375,anonymous,EN,Moderately Satisfied,Moderately Satisfied,,,Completely Satisfied,Completely Satisfied,It wasn't until this step that much of what has been covered clicked!,,Completely Satisfied,Being able to discuss how this model would best fit our building was beneficial.,,Neutral,Neutral,,,Neutral,,,Somewhat Agree,Strongly Agree,,The E with my team,A a shared commitment takes a lot more work depending on the team,,Very Good,Quite A Bit,Quite A Bit,,Case Discussions,Working with your Project Team,,,,Somewhat Agree,Strongly Agree,Strongly Agree,Somewhat Agree,Somewhat Agree,Somewhat Agree,Somewhat Agree,9,Moderately Satisfied,
2019-12-05 21:03:26,2019-12-05 21:13:31,IP Address,96.4.165.217,100,604,True,2019-12-05 21:13:31,R_ZmekX9Olx3vLjpL,,,,,35.106292724609375,-89.94100189208984375,anonymous,EN,Completely Satisfied,Completely Satisfied,"Allowing particpants to work together to identify short, medium, and long term evidence to measure progress",,Completely Satisfied,Completely Satisfied,,,Moderately Satisfied,,,Moderately Satisfied,Moderately Satisfied,,,Moderately Satisfied,,,Strongly Agree,Somewhat Agree,deep instructional change,Intentional Collaboration,Shared Commitment to Action,,Neither Good Nor Bad,Moderately,Moderately,,Case Discussions,,Learning with Practitioners from Other Schools,,,Strongly Agree,Strongly Agree,Somewhat Agree,Strongly Agree,Somewhat Agree,Somewhat Agree,Somewhat Agree,5 (Neutral),Neutral,
2019-12-05 21:03:49,2019-12-05 21:13:39,IP Address,107.77.232.90,100,589,True,2019-12-05 21:13:40,R_8uHYuEHjckae4Wl,,,,,36.1670989990234375,-86.786102294921875,anonymous,EN,Completely Satisfied,Completely Satisfied,Pairing up with another school to share ideas around the same work,Presenter(s) to probably share other notices/wonderings they feel would be helpful that weren’t mentioned by others,Completely Satisfied,Completely Satisfied,,,Completely Satisfied,Having the TIME to work with our teams to plan,,Completely Satisfied,Moderately Satisfied,Looking over the slides ourselves and patterning with another pod member to discuss,Not to be so mono-toned after lunch!  We could use more energy from the presenter to keep the audience more engaged,Completely Satisfied,Having the large amount of allotted time to work with our teams,Nothing,Strongly Agree,Strongly Agree,,,,,Very Good,Quite A Bit,A Great Deal,Lectures from Faculty,Case Discussions,Working with your Project Team,Learning with Practitioners from Other Schools,,,Strongly Agree,Strongly Agree,Strongly Agree,Strongly Agree,Strongly Agree,Strongly Agree,,8,Completely Satisfied,
2019-12-05 21:06:46,2019-12-05 21:13:58,IP Address,96.4.165.217,100,431,True,2019-12-05 21:13:58,R_OJ8anKu3HgPtCSJ,,,,,35.106292724609375,-89.94100189208984375,anonymous,EN,Completely Satisfied,Completely Satisfied,I really enjoyed the poem,N/A,Completely Satisfied,Completely Satisfied,"Opportunity to review the Kingsway action plan. ",N/A,Completely Satisfied,We were able to review where we were collectively as a team and set realistic goals.,N/A,Completely Satisfied,Completely Satisfied,LCP and POP adjustment strategy for teachers,Too much sitting,Completely Satisfied,Time to work on our POP and Action plans,N/A,Strongly Agree,Somewhat Agree,Step 8 as a whole,C,A - School-wide,,Very Good,A Great Deal,Quite A Bit,Lectures from Faculty,Case Discussions,Working with your Project Team,,,,Strongly Agree,Strongly Agree,Strongly Agree,Strongly Agree,Strongly Agree,Strongly Agree,Somewhat Agree,9,Completely Satisfied,
2019-12-05 21:03:06,2019-12-05 21:14:18,IP Address,96.4.165.217,100,671,True,2019-12-05 21:14:18,R_3smKxn0Ui4GOR2B,,,,,35.106292724609375,-89.94100189208984375,anonymous,EN,Completely Satisfied,Completely Satisfied,Collaboration time/Partnering with another school in our pod; types of data,,Completely Satisfied,Completely Satisfied,Interactive; seeing and evaluating an action plan,,Completely Satisfied,Everything- most important part,Time to collaborate with another team with a similar LCP,Completely Satisfied,Moderately Satisfied,Discussion Time,Reading after lunch,Completely Satisfied,Everything-  The running notes agenda is so awesome to guide our work.,,Strongly Agree,Strongly Agree,,Intentional Collaboration,Relentless focus on evidence,,Excellent,A Great Deal,A Great Deal,,Case Discussions,Working with your Project Team,Learning with Practitioners from Other Schools,,,Strongly Agree,Strongly Agree,Strongly Agree,Strongly Agree,Strongly Agree,Strongly Agree,Strongly Agree,10    (Extremely Likely),Completely Satisfied,
2019-12-05 21:08:43,2019-12-05 21:14:22,IP Address,96.4.165.217,100,338,True,2019-12-05 21:14:22,R_1r9tOM2PiEnsmtY,,,,,35.106292724609375,-89.94100189208984375,anonymous,EN,Completely Satisfied,Completely Satisfied,"Everything, the discussion, the gallery walks, the green team time, it all worked in their own ways",n/a,Completely Satisfied,Completely Satisfied,Understanding actions plans and how to effectively measure if your current plan is gaining progress,n/a,Completely Satisfied,Our team was able to effective complete our data wise chart and come up with a plan to roll it out to our school by the new year,n/a,Moderately Satisfied,Moderately Satisfied,n/a,n/a,Completely Satisfied,n/a,n/a,Strongly Agree,Strongly Agree,Plans to encourage all tacher to immedaitely hop on board,c intential collaboration,shared commitment to action,,Excellent,A Great Deal,A Great Deal,,Case Discussions,Working with your Project Team,Learning with Practitioners from Other Schools,,,Strongly Agree,Strongly Agree,Strongly Agree,Strongly Agree,Strongly Agree,Strongly Agree,Strongly Agree,9,Completely Satisfied,Make the program longer to be able to address more question and give more one on one feedback
2019-12-05 21:03:33,2019-12-05 21:14:27,IP Address,96.4.165.217,100,653,True,2019-12-05 21:14:27,R_2tfbA2ush3xhjhT,,,,,35.106292724609375,-89.94100189208984375,anonymous,EN,Completely Satisfied,Completely Satisfied,"Essential to me today, I finally had that aha moment that I got it. I understand how this work and how it can change the trajectory of our school learning pratices nd end goals.",At this moment I would not change anyhting because it was essential to me grasping an understanding.,Completely Satisfied,Completely Satisfied,Our school team were able to come to a consensus of  a plan of action and to do the next steps.,nothing,Completely Satisfied,We accomplished alot today.,School team using this same energy when we are not being monitored to do it.,Moderately Satisfied,Moderately Satisfied,We are not at this step yet but I understand it. I am okay with implementing it.,I would want an example of a more thorough exemplar.,Completely Satisfied,We have our next steps and a plan of action before our next video session.,I would not change anything. It was on point.,Strongly Agree,Strongly Agree,We need help on step 7,Intentional collaboration,relentless focus on evidence,Excellent presentation,Excellent,A Great Deal,A Great Deal,,Case Discussions,Working with your Project Team,,,,Strongly Agree,Somewhat Agree,Somewhat Agree,Somewhat Agree,Strongly Agree,Strongly Agree,Strongly Agree,8,Moderately Satisfied,Add more women and African Americans
2019-12-05 21:03:32,2019-12-05 21:14:43,IP Address,96.4.165.217,100,671,True,2019-12-05 21:14:44,R_Y0rdINYm1VhPYk1,,,,,35.106292724609375,-89.94100189208984375,anonymous,EN,Moderately Satisfied,Moderately Satisfied,Collaborating with another school to see the similarities and difference in ideas.,Gallery walk to get input from a larger group,Completely Satisfied,Completely Satisfied,Seeing the model helped me put the process in perspective.,None,Completely Satisfied,Time to discuss with team next steps,None,Completely Satisfied,Completely Satisfied,"Different ways to look at the information, having a focus while reading the information","Would have like to look at it in smaller chunks, felt a little rushed",Completely Satisfied,Again having that continued time to work with team on next steps and gaining clarity on what we had previously worked on,None,Somewhat Agree,Strongly Agree,,,,,Very Good,Quite A Bit,Quite A Bit,,Case Discussions,Working with your Project Team,Learning with Practitioners from Other Schools,,,Somewhat Agree,Somewhat Agree,Somewhat Agree,Somewhat Agree,Somewhat Agree,Somewhat Agree,Somewhat Agree,5 (Neutral),Moderately Satisfied,
2019-12-05 21:09:33,2019-12-05 21:15:04,IP Address,96.4.165.217,100,330,True,2019-12-05 21:15:04,R_1dBlYKpg1lGdWJx,,,,,35.106292724609375,-89.94100189208984375,anonymous,EN,Completely Satisfied,Completely Satisfied,,,Completely Satisfied,Completely Satisfied,I thought having teams examine an actual action plan and engage in discussion around notices and wonderings worked.  I really like the forms.,,Completely Satisfied,,,Completely Satisfied,Completely Satisfied,,,Completely Satisfied,,,Strongly Agree,Strongly Agree,The next virtual coaching session should mirror the type of exercise we did around action planning and looking at how strongly aligned the action plans were to the LCP and POP.,,,,Very Good,A Great Deal,Quite A Bit,,Case Discussions,,Learning with Practitioners from Other Schools,,,Strongly Agree,Strongly Agree,Strongly Agree,Strongly Agree,Strongly Agree,Strongly Agree,Strongly Agree,8,Completely Satisfied,
2019-12-05 21:05:40,2019-12-05 21:15:14,IP Address,96.4.165.217,100,573,True,2019-12-05 21:15:14,R_1NxNfYl7zBCA8UL,,,,,35.106292724609375,-89.94100189208984375,anonymous,EN,Completely Satisfied,Completely Satisfied,The colloboration time with our school team.,"The time allowed during collaboration. ",Completely Satisfied,Completely Satisfied,The activity that was given during this time was relevant to the work within our school's improvement journey.,,Completely Satisfied,The time allotted for collaboration and team meetings was essential to our team creating a clear direction on what we still needed to do in the Data Wise process.,,Completely Satisfied,Completely Satisfied,Reviewing Kingsway plan and data was a great way to actually see how the Data Wise process is outlined from beginning to end.,,Completely Satisfied,The team meeting time allowed us to work on our agenda for our upcoming meeting as well as our objectives.,,Strongly Agree,Strongly Agree,Continuing our work in the process of our Step 4 and 5.,A-Shared Commitment to Action,"Relentless focus on Evidence ",,Excellent,A Great Deal,Quite A Bit,,Case Discussions,Working with your Project Team,Learning with Practitioners from Other Schools,,,Strongly Agree,Strongly Agree,Strongly Agree,Strongly Agree,Strongly Agree,Strongly Agree,Strongly Agree,9,Completely Satisfied,
2019-12-05 21:05:17,2019-12-05 21:15:52,IP Address,96.4.165.217,100,635,True,2019-12-05 21:15:52,R_3ndyVvwb1cLBa0Y,,,,,35.106292724609375,-89.94100189208984375,anonymous,EN,Completely Satisfied,Moderately Satisfied,Gave us a lens before we develop our own,N/A,Completely Satisfied,Completely Satisfied,Clear WHY and purpose came foward,N/A,Completely Satisfied,Great reflection opportunity for the team and to see if we were on the same page.,N/A,Completely Satisfied,Completely Satisfied,The reflection cycle is keep to the process,N/A,Completely Satisfied,Time to frame your thoughts and ideas using the process was great.,N/A,Strongly Agree,Strongly Agree,"Our develop LCP and POPA & ",A & E,A,Great PD,Excellent,A Great Deal,A Great Deal,,,Working with your Project Team,,,,Strongly Agree,Strongly Agree,Strongly Agree,Strongly Agree,Strongly Agree,Strongly Agree,Strongly Agree,10    (Extremely Likely),Completely Satisfied,
2019-12-05 21:02:31,2019-12-05 21:17:11,IP Address,96.4.165.217,100,880,True,2019-12-05 21:17:12,R_1K6AEcXfxjhgZZl,,,,,35.106292724609375,-89.94100189208984375,anonymous,EN,,Neutral,,"I do not recall doing this session today. ",,Completely Satisfied,"The Kingsway case study and supporting plannng documents with processing activities was an effective way to show examples and analyze the process. The adjustments made from the gallery walk to the team processing was also effective. ","I think the Kingsway and the other example content works. It is aligned to modern educational focual areas that speak to the demands of Common Core Instruction as well as Instructioanl Practice Guides (IPG) (the connect was not explicit, but it was apparant to me in the math example) ",Completely Satisfied,"The strucutred agenda and action steps as a scaffold for teams. ","Just an idea.....a strong implementation school....alow them to share what they have done so far and where they plan to go. ",,Completely Satisfied,"The laser like lens on assessing implementation. Way to keep the focus on the depth of the actions and not just ""doing the actions"". ",,Completely Satisfied,Same as above-directed agendas,"Same as above-a team that shares the narrative of where they have gone and where they attend to go....use the langague of Data Wise to frame the process. ",Somewhat Agree,Somewhat Agree,"I think the concept of equity was lightly addressed in these two days, but I personally did not see it surface in a deep and meaningful way. It was implicit. We want strong, deep, meaningful instruciton to drive our data wise process, which lends itself to authentic changes in student performance....this is alll a route to equity and access. But there are additional components of this concept that are not explicit in this training. We are a district that runs the risk of not believing our students are capable...a district that leans toward lowering rigor and standards rather than raising them. How does the Data Wise process hold use accountable to grade-apppropriate, CCR instruction? Why does it matter? What is the risk of not doing so? ","Relentless Focus on Evidence is a critical aspect of this work. Evidence goes beyond the data. I appreciated the lens into observational evidience as a data point. ","Shared Commitment-We do not operate as one voice in the district-We have many voices, and they often are saying different things. ","Thank you for the opportunity to engage in this meaningful training. ",Excellent,A Great Deal,Moderately,,Case Discussions,Working with your Project Team,,,,Strongly Agree,Strongly Agree,Strongly Agree,Strongly Agree,Strongly Agree,Strongly Agree,Strongly Agree,10    (Extremely Likely),Completely Satisfied," I think a male/female balance would increase the ratio of diversity. "
2019-12-05 21:03:00,2019-12-05 21:17:39,IP Address,96.4.165.217,100,879,True,2019-12-05 21:17:39,R_tM4rYQmcckk4Ahj,,,,,35.106292724609375,-89.94100189208984375,anonymous,EN,Completely Satisfied,Completely Satisfied,Understadning the requisite of methodical and slow actions to ensure the process is executed to maximize effectiveness deep change for improvement.,Nothing to change but maybe to have heard consensus from district level admin about the patience in urgency required for this process.,Completely Satisfied,Completely Satisfied,"Understanding that these ""twin"" steps are conducted in tandem with each other as a means to an end...",nothing,Completely Satisfied,We created rolling agendas for our next two meetings and a calendar for rolling out the next steps for our faculty.,no changes needed,Completely Satisfied,Completely Satisfied,Gaining insight on its importance as well as being made aware of the pitfalls related to this step.,More examples about what celebrations would look like.,Completely Satisfied,More indepth planning for continuing our DW journey and bringing the entire faculty along: step by step; foot to foot.,No change,Strongly Agree,Somewhat Agree,status check on our matriculation in the steps,Relentless Focus on Evidence,Intentional Collaboration,Thank you for helping us cross the bridge...even though it's scarry as fell.,Excellent,A Great Deal,A Great Deal,Lectures from Faculty,Case Discussions,Working with your Project Team,,,,Strongly Agree,Strongly Agree,Strongly Agree,Strongly Agree,Strongly Agree,Strongly Agree,Strongly Agree,10    (Extremely Likely),Completely Satisfied,Remain diverse in your delivery...
2019-12-05 21:03:03,2019-12-05 21:17:57,IP Address,96.4.165.217,100,893,True,2019-12-05 21:17:57,R_21c7eNGuvk1yZou,,,,,35.106292724609375,-89.94100189208984375,anonymous,EN,Moderately Satisfied,Neutral,The collaboration with peers and other schools worked well.  Just discussing with others and getting those perspectives was very interesting and useful.,"There was so much redundancy.  Much of this, we already do at my school.  So to have to sit through this was often times not very helpful.",Moderately Satisfied,Moderately Satisfied,The example of the bridge was very useful.  It gave a visual representation of how we should be thinking about the work.,Too much time was spent on certain topics.  It often felt as though we were beating a dead horse.,Moderately Satisfied,Working with my principal and getting her perspective and seeing how we are already doing the work of data wise was very impactful.,"Again, there was no need to spend so much time on certain topics as we are already doing the work in my school.",Moderately Satisfied,Moderately Satisfied,The questions that were posed were on everyone's minds.  So to have the opportunity to express concerns was impactful.,The information was so dense.  Is there a way to better chunk the information so that it is more easily digested?,Moderately Satisfied,Again working with my principal and seeing how the agendas for the ILT are created and why we discuss the things we do was definitely beneficial.,"If the work had been done the previous day, why was it being done again?",Somewhat Agree,Somewhat Agree,Just the overall language of the data wise platform.  It seems like this is just a new platform that is put in place and doing everything that most of us have already been doing.,Internal Collaboration,Relentless Focus on Evidence,None.,Neither Good Nor Bad,Moderately,A Little Bit,,,Working with your Project Team,Learning with Practitioners from Other Schools,,,Somewhat Agree,Somewhat Agree,Somewhat Agree,Somewhat Agree,Somewhat Agree,Somewhat Agree,Somewhat Agree,5 (Neutral),Moderately Satisfied,It would be nice to include someone from our area/region that has worked in our schools because we want to know how this will benefit us form someone who has worked with us.
2019-12-05 21:04:55,2019-12-05 21:19:17,IP Address,172.56.20.18,100,861,True,2019-12-05 21:19:17,R_1dmguR14OJgSimk,,,,,35.16400146484375,-89.78260040283203125,anonymous,EN,Completely Satisfied,Completely Satisfied,,,Completely Satisfied,Completely Satisfied,The case study was clvotal to the understanding of the Step we were on.,"There were times when we were short on time and understandably had to cut some audience feedback out.  Because teachers have so many thoughts, different expectations from principals, etc. that they come with, giving at least two concrete examples of the topic you are asking about is so so helpful in clearing things up.  You did that at times and it was terrific. ",Completely Satisfied,Time was allocated to work on the plan while the information was still fresh in our minds.,,Completely Satisfied,Completely Satisfied,,,Completely Satisfied,,,Strongly Agree,Strongly Agree,,,None yet.  I am optimistic. :),,Excellent,A Great Deal,A Great Deal,,Case Discussions,,,,,Strongly Agree,Strongly Agree,Strongly Agree,Strongly Agree,Strongly Agree,Strongly Agree,Strongly Agree,10    (Extremely Likely),Completely Satisfied,
2019-12-05 21:06:18,2019-12-05 21:20:06,IP Address,96.4.165.217,100,828,True,2019-12-05 21:20:07,R_2uJtxPi6lxgf5qX,,,,,35.106292724609375,-89.94100189208984375,anonymous,EN,Moderately Satisfied,Moderately Satisfied,"The time reserved for team discussion collaboration was effective, as well as incorporating movement by charting ideas on poster paper. ",,Completely Satisfied,Completely Satisfied,"The instructors were very knowledgeable and willing to assist in any way needed. ","I would like for their to be a bit more accountability in terms of ",Completely Satisfied,"Any time allotted for team collaboration is useful and a great opportunity for team-building and rich discussion, which is sometimes hard to get in the regular work week. ",,Completely Satisfied,Completely Satisfied,"This was my favorite aspect of today's session. It was the most interactive and probably generated the most ideas for moving forward with datawise in our building. ",,Neutral,"The information was useful but after lunch the energy definitely waned. ","Perhaps have the team chart more ideas on paper or have a representative look over the actual document that is in progress. ",Strongly Agree,Strongly Agree,"It would be nice for the instructors to provide more individual feedback on our actual plans (rolling agendas). ",,,,Excellent,A Great Deal,A Great Deal,,,Working with your Project Team,Learning with Practitioners from Other Schools,,,Strongly Agree,Strongly Agree,Strongly Agree,Strongly Agree,Strongly Agree,Strongly Agree,Strongly Agree,8,Moderately Satisfied,
2019-12-05 21:06:05,2019-12-05 21:20:11,IP Address,96.4.165.217,100,845,True,2019-12-05 21:20:11,R_1eKSLT0lnPTjcFH,,,,,35.106292724609375,-89.94100189208984375,anonymous,EN,Completely Satisfied,Completely Satisfied,,,Completely Satisfied,Completely Satisfied,"Use of scenarios when developing short term, medium term and long term goals",I really like the gallery walks much better.,Completely Satisfied,The amount of time he had to work even though it will never be enough time. The rolling agenda and resources are very helpful.,,Completely Satisfied,Completely Satisfied,Using the data examples,Using a variety of scenarios to show other grade bands (elementary school),,The amount of time he had to work even though it will never be enough time. The rolling agenda and resources are very helpful.,nothing,Strongly Agree,Strongly Agree,Really making our plan come to life.,Intentional collaboration,Relentless  focus on evidence,,Excellent,A Great Deal,Quite A Bit,Lectures from Faculty,Case Discussions,Working with your Project Team,Learning with Practitioners from Other Schools,,,Strongly Agree,Strongly Agree,Somewhat Agree,Strongly Agree,Somewhat Agree,Somewhat Agree,Somewhat Agree,10    (Extremely Likely),Completely Satisfied,
2019-12-05 21:08:12,2019-12-05 21:22:58,IP Address,96.4.165.217,100,886,True,2019-12-05 21:22:58,R_rj9NhMsDZEmppQd,,,,,35.106292724609375,-89.94100189208984375,anonymous,EN,Completely Satisfied,Completely Satisfied,Connecting the learning over the two days,Nothing,Completely Satisfied,Completely Satisfied,Having an opportunity to take a deep analysis into an action plan,Nothing,Completely Satisfied,Adequate time to collaborate within my team,nothing,Completely Satisfied,Completely Satisfied,Enjoyed using the 4As protocol,Nothing,Completely Satisfied,Adequate team time,Nothing,Strongly Agree,Strongly Agree,Steps 7 and 8,relentless focus on evidence,none,na,Excellent,A Great Deal,Quite A Bit,Lectures from Faculty,Case Discussions,,Learning with Practitioners from Other Schools,,,Strongly Agree,Strongly Agree,Strongly Agree,Strongly Agree,Strongly Agree,Strongly Agree,Strongly Agree,10    (Extremely Likely),Completely Satisfied,Sustain the current learning community
2019-12-05 21:05:32,2019-12-05 21:25:21,IP Address,96.4.165.217,100,1189,True,2019-12-05 21:25:21,R_3gNka941cCx955L,,,,,35.106292724609375,-89.94100189208984375,anonymous,EN,Moderately Satisfied,Moderately Satisfied,I was glad to see us address the differences between the various data frameworks we use.,"I felt participants needed a visual to understand how DDI and Data Wise are similar, differ, and coexist would have deepened our understanding of how to make better sense of these powerful tools.",Completely Satisfied,Completely Satisfied,The exemplars deepened my understanding of the processes that are needed for action plans.,NA,Completely Satisfied,Time for collaborative work with interruptions.,NA,Completely Satisfied,Completely Satisfied,Collaborative time with other schools,NA,Completely Satisfied,"Time to collaborate ",NA,Strongly Agree,Strongly Agree,"Refining our action planning and addressing any roadblocks with greater respect for our growing team. ","Intentional collaboration ","Relentless focus on evidence ","Thanks for supporting us to be more strategic, intentional, and focused in our school improvement process!",Excellent,A Great Deal,A Great Deal,,,Working with your Project Team,Learning with Practitioners from Other Schools,,,Strongly Agree,Strongly Agree,Somewhat Agree,Somewhat Agree,Somewhat Agree,Somewhat Agree,Strongly Agree,10    (Extremely Likely),Completely Satisfied,"This is a very great course.  However, we need more time.  This is too much information for such few sessions. "
2019-12-05 21:02:10,2019-12-05 21:09:04,IP Address,96.4.165.217,71,413,False,2019-12-12 21:09:06,R_3EGBdgcIzLPGOFf,,,,,,,anonymous,EN,Completely Satisfied,Completely Satisfied,The coaches being able to come around to various tables and give assistance and feedback.,Time-frame,Completely Satisfied,Completely Satisfied,Group collaboration with different schools.,Opportunity for more people to share out.,Moderately Satisfied,Collaboration,Nothing at this time.,Completely Satisfied,Completely Satisfied,Being able to analyze  plans.,Nothing.,Completely Satisfied,Team collaboration,Nothing,Strongly Agree,Neutral,Comprehensive data plan,"Shared commitment to action, assessment, and adjustment",intentional collaboration,Enjoyed the session.,,,,,,,,,,,,,,,,,,,
2019-12-05 21:05:29,2019-12-05 21:14:42,IP Address,96.4.165.217,71,552,False,2019-12-12 21:14:43,R_1Lwhmzhu9KzqDnB,,,,,,,anonymous,EN,Completely Satisfied,Completely Satisfied,"It was detailed and engaging. ",n/a,Completely Satisfied,Completely Satisfied,"Using an actual school and the case study from it made this more relevant to me. ",n/a,Completely Satisfied,"We needed this time to address issues we could see and trends within our own organization. ",n/a,Completely Satisfied,Completely Satisfied,"Completing these steps will ensure I can help lead my team at school in similar work. ",n/a,Completely Satisfied,n/a,n/a,Strongly Agree,Strongly Agree,"We may need support addressing our problems of practice to ensure we are detailed and thorough in our short, medium and long term outcomes. ","Relentless focus on evidence will ensure that the problem is addressed without biases. ",None.,N/A,,,,,,,,,,,,,,,,,,,
