StartDate,EndDate,Status,IPAddress,Progress,Duration (in seconds),Finished,RecordedDate,ResponseId,RecipientLastName,RecipientFirstName,RecipientEmail,ExternalReference,LocationLatitude,LocationLongitude,DistributionChannel,UserLanguage,Q3,Q5_2,Q5_3,Q6,Q7,Q8_1,Q8_2,Q9,Q10,Q11_1,Q11_2,Q12,Q13,Q14_1,Q14_2,Q15,Q16,Q20_1,Q21_1,Q22_1,Q22_2,Q22_3,Q22_4,Q22_5,Q22_6,Q23_1,Q23_2,Q23_3,Q23_4,Q23_5,Q23_6,Q24,Q54
Start Date,End Date,Response Type,IP Address,Progress,Duration (in seconds),Finished,Recorded Date,Response ID,Recipient Last Name,Recipient First Name,Recipient Email,External Data Reference,Location Latitude,Location Longitude,Distribution Channel,User Language,What is your role?,[Team Session] Tuesday Morning Project Team Meeting (Team) - Quality of Collaboration,[Team Session] Tuesday Morning Project Team Meeting (Team) - Progress on meeting objectives,What worked well about this session?,What would you have liked to change about this session?,"[Faculty Session] Spiral Review (Kathy Boudett and Rob Wessman) In this session we reviewed the plus/deltas from yesterday and the schedule for today, then did the SUMI (Suprise/Use/Modify/Impact) Protocol on yesterday's Equity Reflection Protocol and checked in with our case groups about how we are doing with our norms. - Importance of Topic","[Faculty Session] Spiral Review (Kathy Boudett and Rob Wessman) In this session we reviewed the plus/deltas from yesterday and the schedule for today, then did the SUMI (Suprise/Use/Modify/Impact) Protocol on yesterday's Equity Reflection Protocol and checked in with our case groups about how we are doing with our norms. - Quality of Instruction",What worked well about this session?,What would you have liked to change about this session?,[Practitioner Session] Using Data Wise in Service of Equity: Voice from the Field (Jennifer Price) - Importance of Topic,[Practitioner Session] Using Data Wise in Service of Equity: Voice from the Field (Jennifer Price) - Quality of Instruction,What worked well about this session?,What would you have liked to change about this session?,"[Faculty Session] Step 3: Creating a Data Overview (Kathy Boudett and Rob Wessman)In this session, we looked for the stories present in the data provided by a person at our table.  We then practiced sketching a chart that would help tell this story.  Finally, we saw an example of a data overview meeting and reviewed some of the key characteristics of an effective data overview meeting. - Importance of Topic","[Faculty Session] Step 3: Creating a Data Overview (Kathy Boudett and Rob Wessman)In this session, we looked for the stories present in the data provided by a person at our table.  We then practiced sketching a chart that would help tell this story.  Finally, we saw an example of a data overview meeting and reviewed some of the key characteristics of an effective data overview meeting. - Quality of Instruction",What worked well about this session?,What would you have liked to change about this session?,Today's class and activities were intellectually challenging - Strongly disagree:Strongly agree,Today's class and activities helped me reflect on how Data Wise tools could be used in the service of equity - Strongly disagree:Strongly agree,To what extent did your project team practice our Data Wise norms today? (This is the team that you meet with in the mornings.) - Take an inquiry stance,To what extent did your project team practice our Data Wise norms today? (This is the team that you meet with in the mornings.) - Ground statements in evidence,To what extent did your project team practice our Data Wise norms today? (This is the team that you meet with in the mornings.) - Assume positive intentions,To what extent did your project team practice our Data Wise norms today? (This is the team that you meet with in the mornings.) - Stick to protocol and hear all voices,To what extent did your project team practice our Data Wise norms today? (This is the team that you meet with in the mornings.) - Start and end on time,To what extent did your project team practice our Data Wise norms today? (This is the team that you meet with in the mornings.) - Be here now,To what extent did your case group practice our Data Wise norms today? (This is the team that you engaged in the data overview activity in the afternoon.) - Take an inquiry stance,To what extent did your case group practice our Data Wise norms today? (This is the team that you engaged in the data overview activity in the afternoon.) - Ground statements in evidence,To what extent did your case group practice our Data Wise norms today? (This is the team that you engaged in the data overview activity in the afternoon.) - Assume positive intentions,To what extent did your case group practice our Data Wise norms today? (This is the team that you engaged in the data overview activity in the afternoon.) - Stick to protocol and hear all voices,To what extent did your case group practice our Data Wise norms today? (This is the team that you engaged in the data overview activity in the afternoon.) - Start and end on time,To what extent did your case group practice our Data Wise norms today? (This is the team that you engaged in the data overview activity in the afternoon.) - Be here now,What are you or your classmates doing that is supporting norms?,What could you or your classmates do differently to better support norms?
"{""ImportId"":""startDate"",""timeZone"":""America/New_York""}","{""ImportId"":""endDate"",""timeZone"":""America/New_York""}","{""ImportId"":""status""}","{""ImportId"":""ipAddress""}","{""ImportId"":""progress""}","{""ImportId"":""duration""}","{""ImportId"":""finished""}","{""ImportId"":""recordedDate"",""timeZone"":""America/New_York""}","{""ImportId"":""_recordId""}","{""ImportId"":""recipientLastName""}","{""ImportId"":""recipientFirstName""}","{""ImportId"":""recipientEmail""}","{""ImportId"":""externalDataReference""}","{""ImportId"":""locationLatitude""}","{""ImportId"":""locationLongitude""}","{""ImportId"":""distributionChannel""}","{""ImportId"":""userLanguage""}","{""ImportId"":""QID1""}","{""ImportId"":""QID41_2""}","{""ImportId"":""QID41_3""}","{""ImportId"":""QID13_TEXT""}","{""ImportId"":""QID15_TEXT""}","{""ImportId"":""QID49_1""}","{""ImportId"":""QID49_2""}","{""ImportId"":""QID50_TEXT""}","{""ImportId"":""QID51_TEXT""}","{""ImportId"":""QID46_1""}","{""ImportId"":""QID46_2""}","{""ImportId"":""QID47_TEXT""}","{""ImportId"":""QID48_TEXT""}","{""ImportId"":""QID43_1""}","{""ImportId"":""QID43_2""}","{""ImportId"":""QID44_TEXT""}","{""ImportId"":""QID45_TEXT""}","{""ImportId"":""QID21_1""}","{""ImportId"":""QID38_1""}","{""ImportId"":""QID37_1""}","{""ImportId"":""QID37_2""}","{""ImportId"":""QID37_3""}","{""ImportId"":""QID37_4""}","{""ImportId"":""QID37_5""}","{""ImportId"":""QID37_6""}","{""ImportId"":""QID53_1""}","{""ImportId"":""QID53_2""}","{""ImportId"":""QID53_3""}","{""ImportId"":""QID53_4""}","{""ImportId"":""QID53_5""}","{""ImportId"":""QID53_6""}","{""ImportId"":""QID39_TEXT""}","{""ImportId"":""QID54_TEXT""}"
1/9/18 15:15,1/9/18 15:16,Survey Preview,,100,47,TRUE,1/9/18 15:16,R_3Kx87tN5iAEhuPq,,,,,42.38000488,-71.13289642,preview,EN,Degree-program student,,,,,,,,,,,,,,,,,,,,,,,,,,,,,,,,
1/9/18 15:54,1/9/18 15:58,IP Address,67.134.206.40,100,228,TRUE,1/9/18 15:58,R_w1r0NoZb2G3oig9,,,,,42.38000488,-71.13289642,anonymous,EN,Practitioner,Completely Satisfied,Completely Satisfied,Time spent working on something that will directly impact my work.,Music on breaks!,Completely Satisfied,Completely Satisfied,It was nice we took time to bring equity into our work today.,Not applicable,Completely Satisfied,Completely Satisfied,Very engaging. Forward thinking and an inspirational woman leader!!,Not applicable,Completely Satisfied,Completely Satisfied,The time we spend gathering multiple perspectives.,More gallery time.,46,5,Almost always,Almost always,Almost always,Almost always,Almost always,Almost always,Almost always,Almost always,Almost always,Almost always,Almost always,Almost always,Reminders,not applicable
1/9/18 15:44,1/9/18 15:58,IP Address,67.134.206.46,100,898,TRUE,1/9/18 15:58,R_24bWe3frAltFzsR,,,,,42.38000488,-71.13289642,anonymous,EN,Practitioner,Completely Satisfied,Completely Satisfied,Our meeting was very productive. We completed Step 1 of launching our data wise presentation. We stayed on time and task. ,Nothing.,Completely Satisfied,Completely Satisfied,I enjoyed the visual of our previous day reflection. I noticed that many of our reflection were aligned. ,Nothing.,Completely Satisfied,Completely Satisfied,Enjoyed! Her enthusiasm and humor kept me interested. The way she implemented data wise in her district was inspiring. Best part of today's training session. ,Nothing.,Completely Satisfied,Completely Satisfied,The chalk walk was interesting. This also gave me clarity on completing our project data overview meeting.,Nothing.,46,5,Almost always,Almost always,Almost always,Almost always,Almost always,Almost always,Almost always,Almost always,Almost always,Almost always,Almost always,Almost always,Keeping everyone accountable.,Nothing.
1/9/18 15:49,1/9/18 15:59,IP Address,67.134.206.38,100,568,TRUE,1/9/18 15:59,R_e3EGaoD9aLPDwUV,,,,,42.38000488,-71.13289642,anonymous,EN,Practitioner,Completely Satisfied,Completely Satisfied,,,Completely Satisfied,Completely Satisfied,,,Completely Satisfied,Completely Satisfied,,,Completely Satisfied,Completely Satisfied,,,46,5,Almost always,Almost always,Almost always,Almost always,Almost always,Almost always,Almost always,Almost always,Almost always,Almost always,Almost always,Almost always,,
1/9/18 15:55,1/9/18 15:59,IP Address,67.134.206.33,100,220,TRUE,1/9/18 15:59,R_yI1cov8Vz15m8iB,,,,,42.38000488,-71.13289642,anonymous,EN,Practitioner,Completely Satisfied,Completely Satisfied,We are all different points on the compass and we compliment each other well :),Nothing,Completely Satisfied,Completely Satisfied,Bringing us back and wrapping up what happened yesterday,Nothing ,Completely Satisfied,Completely Satisfied,Very energetic and informative ,nothing ,Completely Satisfied,Completely Satisfied,hands on information and real information,work with people from my school ,46,5,Almost always,Almost always,Almost always,Almost always,Almost always,Almost always,Almost always,Almost always,Almost always,Almost always,Almost always,Almost always,being on top of one another and always bringing it back ,nothing 
1/9/18 15:52,1/9/18 15:59,IP Address,65.112.8.143,100,415,TRUE,1/9/18 15:59,R_1I4oJkagOq6cbwn,,,,,42.35820007,-71.05069733,anonymous,EN,Degree-program student,Completely Satisfied,Completely Satisfied,"Our group stuck to our norms, and did a good job sharing the airtime and hearing from all participants. We were right on time with our agenda, and we engaged collaboratively throughout.",nothing,Completely Satisfied,Completely Satisfied,,,Completely Satisfied,Completely Satisfied,Jen was so dynamic - I loved hearing her perspective on how she has facilitated this process with the schools she worked with.,It was a lot of sitting still.,Completely Satisfied,Moderately Satisfied,I liked the hands-on aspects of this activity. I appreciated being about to dig into some real data.,It was difficult to dig into the data entirely without much time to gain background information. The practitioner at my table who shared her data didn't give us much context or explanation.,46,5,Almost always,Almost always,Almost always,Almost always,Almost always,Majority of the time,Almost always,Almost always,Almost always,Almost always,Almost always,Majority of the time,,
1/9/18 15:59,1/9/18 16:00,IP Address,65.112.8.142,100,78,TRUE,1/9/18 16:00,R_3CBB3xSDSzS8Klo,,,,,42.35820007,-71.05069733,anonymous,EN,Degree-program student,Completely Satisfied,Completely Satisfied,Everything,No,Completely Satisfied,Completely Satisfied,Everything,No,Completely Satisfied,Completely Satisfied,Everything,No,Completely Satisfied,Completely Satisfied,Everything,No,43,5,Almost always,Almost always,Almost always,Almost always,Almost always,Almost always,Almost always,Almost always,Almost always,Almost always,Almost always,Almost always,,
1/9/18 15:58,1/9/18 16:00,IP Address,65.112.8.134,100,89,TRUE,1/9/18 16:00,R_1rDfMKtAmICHvwg,,,,,42.35820007,-71.05069733,anonymous,EN,Degree-program student,Completely Satisfied,Completely Satisfied,Our teamwork! ,,Completely Satisfied,Completely Satisfied,,,Completely Satisfied,Completely Satisfied,Dr. Price was absolutely amazing and engaging. So inspiring to see data wise work in action and being used to close the achievement gap. SO INSPIRING!,,Completely Satisfied,Completely Satisfied,Loved making my own graph!,,46,5,Almost always,Almost always,Almost always,Almost always,Almost always,Almost always,Almost always,Almost always,Almost always,Almost always,Almost always,Almost always,,
1/9/18 15:58,1/9/18 16:01,IP Address,65.112.8.130,100,149,TRUE,1/9/18 16:01,R_3qUreAulZ5S1eWI,,,,,42.35820007,-71.05069733,anonymous,EN,Degree-program student,Completely Satisfied,Completely Satisfied,I liked the hands-on approach where we are given the opportunity to analyze data. ,Some quiet time to reflect. ,Completely Satisfied,Completely Satisfied,I like it that Kathy values feedback and works on it. Awesome and thank you! :),NIL,Completely Satisfied,Completely Satisfied,Jen was dynamic and energetic. Inspiring!,More time to listen to Jen's challenges!,Completely Satisfied,Completely Satisfied,I liked the hands-on experience in collaboratively analyzing data and weaving a compelling narrative from the data. ,NIL.,43,4,Almost always,Almost always,Almost always,Almost always,Almost always,Majority of the time,Almost always,Almost always,Almost always,Almost always,Majority of the time,Majority of the time,"Remembering the norms, and doing pluses/deltas for each member. :)",NIL
1/9/18 15:58,1/9/18 16:01,IP Address,65.112.8.129,100,183,TRUE,1/9/18 16:01,R_TvG5HenM5MDMd8d,,,,,42.35820007,-71.05069733,anonymous,EN,Degree-program student,Completely Satisfied,Completely Satisfied,We were very productive with our time and following the meeting protocols. We also showed strong collaboration.,N/A,Completely Satisfied,Completely Satisfied,It helped us refreshed yesterday's session before diving into new material.,N/A,Completely Satisfied,Completely Satisfied,I liked the variety of activities. I also really enjoyed learning through actual case studies and examples (i.e. Jennifer's example).,N/A,Completely Satisfied,Completely Satisfied,It was very helpful to be able to practice with a real-world example and diving into analyzing actual data from a school leader.,N/A,46,5,Almost always,Almost always,Almost always,Almost always,Almost always,Almost always,Almost always,Almost always,Almost always,Almost always,Almost always,Almost always,"All are very positive, encouraging, and supportive.",N/A
1/9/18 15:59,1/9/18 16:01,IP Address,67.134.206.40,100,103,TRUE,1/9/18 16:01,R_2ZNZqgN7fG96rRB,,,,,42.38000488,-71.13289642,anonymous,EN,Practitioner,Completely Satisfied,Completely Satisfied,,,Moderately Satisfied,Moderately Satisfied,,,Completely Satisfied,Completely Satisfied,,,Completely Satisfied,Completely Satisfied,,,45,4,Almost always,Almost always,Almost always,Almost always,Almost always,Almost always,Almost always,Almost always,Almost always,Almost always,Almost always,Almost always,,
1/9/18 15:58,1/9/18 16:01,IP Address,67.134.206.39,100,205,TRUE,1/9/18 16:01,R_2QLZHotMypLilhy,,,,,42.38000488,-71.13289642,anonymous,EN,Practitioner,Completely Satisfied,Completely Satisfied,Independent work time,More independent work time,Completely Satisfied,Completely Satisfied,Clarity and examples of the steps,More time with team digging into the steps,Completely Satisfied,Completely Satisfied,Her data presentation and personal experience,Access to her powerpoint,Completely Satisfied,Completely Satisfied,Explanations and examples,More time digging into the session,45,5,Almost always,Almost always,Almost always,Almost always,Almost always,Almost always,Almost always,Almost always,Almost always,Almost always,Almost always,Almost always,,
1/9/18 15:58,1/9/18 16:01,IP Address,65.112.8.135,100,167,TRUE,1/9/18 16:01,R_3qTZfObGamFlRc8,,,,,42.35820007,-71.05069733,anonymous,EN,Practitioner,Moderately Satisfied,Moderately Satisfied,Our team dynamic is good.,Would love to have seen our TF.,Completely Satisfied,Completely Satisfied,,,Completely Satisfied,Completely Satisfied,Great presenter. ,More time for questions!,Moderately Satisfied,Moderately Satisfied,,,46,4,Majority of the time,Majority of the time,Almost always,Majority of the time,Majority of the time,Almost always,,,,,,,,
1/9/18 15:58,1/9/18 16:01,IP Address,67.134.206.41,100,202,TRUE,1/9/18 16:01,R_2Ck9DcvsVOSidlp,,,,,42.38000488,-71.13289642,anonymous,EN,Practitioner,Completely Satisfied,Completely Satisfied,Time to work on journey presentation and delegation of specific tasks.,Nothing.,Completely Satisfied,Completely Satisfied,having the opportunity to discuss in teams.,Nothing,Neutral,Moderately Satisfied,Presenter was very animated and knowledgeable.,It was along time just sitting and listening to talking.,Completely Satisfied,Completely Satisfied,Collaborating with other team members to look at data and create a data display.,Nothing,43,4,Almost always,Almost always,Almost always,Almost always,Almost always,Almost always,Almost always,Almost always,Almost always,Almost always,Almost always,Almost always,Holding each other accountable and reviewing norms.,Continue to hold each other accountable.
1/9/18 15:58,1/9/18 16:01,IP Address,67.134.206.43,100,197,TRUE,1/9/18 16:01,R_3es5Hro5oV9dAYD,,,,,42.38000488,-71.13289642,anonymous,EN,Practitioner,Moderately Satisfied,Moderately Satisfied,All voices were heard.,,Completely Satisfied,Completely Satisfied,,,Completely Satisfied,Completely Satisfied,,,Completely Satisfied,Completely Satisfied,,,46,5,Majority of the time,Majority of the time,Almost always,Almost always,Almost always,Almost always,Almost always,Almost always,Almost always,Almost always,Almost always,Almost always,,
1/9/18 15:58,1/9/18 16:02,IP Address,65.112.8.133,100,188,TRUE,1/9/18 16:02,R_2Vlus4xxQ1ZuwEl,,,,,42.35820007,-71.05069733,anonymous,EN,Degree-program student,Completely Satisfied,Completely Satisfied,Use of meetingwise agenda.   Having outcomes provided for first round. ,,Completely Satisfied,Completely Satisfied,Helpful protocol,,Completely Satisfied,Completely Satisfied,Presenter Perspective and stories.  Wow!,,Moderately Satisfied,Moderately Dissatisfied,,"The task was rather low level.  Very technical without opportunities for complexity of thought.  Too much time for charting.  

",43,4,Almost always,Almost always,Almost always,Almost always,Almost always,Almost always,Almost always,Almost always,Almost always,Almost always,Majority of the time,Sometimes,Discussing them with each other.  Reminding of expectation in small group. ,
1/9/18 15:58,1/9/18 16:02,IP Address,67.134.206.47,100,193,TRUE,1/9/18 16:02,R_r86NB2fIWk2BKb7,,,,,42.38000488,-71.13289642,anonymous,EN,Practitioner,Completely Satisfied,Completely Satisfied,It was so helpful to have a chance to receive feedback on my school's Data Wise process.,n/a,Completely Satisfied,Completely Satisfied,Really helpful to remind ourselves of where we've been and where we're going.,n/a,Completely Satisfied,Completely Satisfied,Amazing stories - very inspirational.,n/a,Completely Satisfied,Completely Satisfied,I enjoy working in collaboration with colleagues in looking at and discussing data. I often have to do this alone!,n/a,46,5,Almost always,Almost always,Almost always,Almost always,Majority of the time,Majority of the time,Almost always,Majority of the time,Almost always,Almost always,Majority of the time,Majority of the time,We just have to keep reminding each other!,
1/9/18 15:59,1/9/18 16:02,IP Address,65.112.8.135,100,188,TRUE,1/9/18 16:02,R_2w5m4zVE7QCYQAs,,,,,42.35820007,-71.05069733,anonymous,EN,Degree-program student,Completely Satisfied,Completely Satisfied,Meeting agenda and minutes ,TF attendance ,Moderately Satisfied,Moderately Satisfied,,,Moderately Satisfied,Moderately Satisfied,Great to hear from someone from the field! ,More on how they developed as school problem solving and challenges experienced along the way.  Opportunities to discuss/reflect on what she was discussing. ,Moderately Satisfied,Moderately Satisfied,Practice interpreting data. ,It would have been helpful to be in our project groups at this time and begin analyzing our school data. ,45,4,Majority of the time,Majority of the time,Majority of the time,Majority of the time,Majority of the time,Majority of the time,Majority of the time,Majority of the time,Majority of the time,Majority of the time,Majority of the time,Majority of the time,,
1/9/18 15:58,1/9/18 16:02,IP Address,65.112.8.143,100,242,TRUE,1/9/18 16:02,R_1CEbLrmeawmH55T,,,,,42.35820007,-71.05069733,anonymous,EN,Degree-program student,Completely Satisfied,Completely Satisfied,Rolling agenda was great. Group was collaborative.,Nothing! We did a great job of sharing voice and I look forward to our next session together. ,Completely Satisfied,Completely Satisfied,Happy our feedback was heard and there was time to reflect on the purpose of the equity protocol.,N/A,Completely Satisfied,Completely Satisfied,Loved hearing Jen Price talk about how she tackled issues of equity using data. ,Nothing. Jen is great!,Completely Satisfied,Completely Satisfied,This session was really helpful in explaining how to approach the data overview assignment.,N/A,45,5,Almost always,Almost always,Almost always,Almost always,Almost always,Almost always,Almost always,Almost always,Almost always,Majority of the time,Almost always,Almost always,Making sure we revisit norms and respecting differences in opinion.,Make sure all voices are equally heard and be more present. 
1/9/18 15:59,1/9/18 16:02,IP Address,65.112.8.132,100,162,TRUE,1/9/18 16:02,R_2w0IQoSh4teO3nH,,,,,42.35820007,-71.05069733,anonymous,EN,Degree-program student,Moderately Satisfied,Moderately Satisfied,Well times,Need more scaffolding from teaching team. ,Completely Satisfied,Completely Satisfied,Fast paced,N/A,Completely Satisfied,Completely Satisfied,Jen was amazing,N/A,Moderately Satisfied,Completely Satisfied,Good intro to data overview. ,Can add more data sets/ complex data to handle,45,4,Majority of the time,Majority of the time,Majority of the time,Majority of the time,Majority of the time,Majority of the time,Majority of the time,Majority of the time,Majority of the time,Majority of the time,Majority of the time,Majority of the time,,
1/9/18 15:58,1/9/18 16:02,IP Address,67.134.206.42,100,252,TRUE,1/9/18 16:02,R_3MMBWLMaGfQCnFf,,,,,42.38000488,-71.13289642,anonymous,EN,Practitioner,Completely Satisfied,Moderately Satisfied,Norms,,Completely Satisfied,Moderately Satisfied,,It would have been helpful to have the equity protocol projected as we used the SUMI protocol. ,Completely Satisfied,Completely Satisfied,She was inspiring!,,Completely Satisfied,Completely Satisfied,Team work,,46,5,Almost always,Almost always,Almost always,Majority of the time,Almost always,Almost always,Almost always,Almost always,Almost always,Almost always,Almost always,Almost always,,
1/9/18 16:00,1/9/18 16:03,IP Address,65.112.8.133,100,130,TRUE,1/9/18 16:03,R_2f9fwwm4NS4atsA,,,,,42.35820007,-71.05069733,anonymous,EN,Degree-program student,Completely Satisfied,Completely Satisfied,,,Moderately Satisfied,Moderately Satisfied,,,Completely Satisfied,Completely Satisfied,,,Moderately Satisfied,Moderately Satisfied,,"If the purpose of the data overview is to help the audience find a starting point, I think it would have been good to emphasize that more in the content leading up to the group activity. Our group was fumbling around a little with broad notices.",45,5,,,,,,,,,,,,,,
1/9/18 15:59,1/9/18 16:03,IP Address,67.134.206.43,100,241,TRUE,1/9/18 16:03,R_esSczXd9cvnKd6p,,,,,42.38000488,-71.13289642,anonymous,EN,Practitioner,Completely Satisfied,Completely Satisfied,Gained clarity and insight about the DWIP happening at my school. Had the opportunity to discuss ideas and collaborate.,More time for collaborative work,Completely Satisfied,Completely Satisfied,Open conversation regarding biases and how to drive data toward eliminating biases and creating equity,N/A,Completely Satisfied,Completely Satisfied,Model journey presentation from a school administrator,More opportunity for questions,Completely Satisfied,Completely Satisfied,Visual model of what a data overview looks like ,,46,5,Majority of the time,Majority of the time,Almost always,Almost always,Almost always,Almost always,Almost always,Almost always,Almost always,Almost always,Almost always,Almost always,Holding each other accountable and inquiring for more evidence to back up statements,
1/9/18 15:58,1/9/18 16:03,IP Address,65.112.8.141,100,285,TRUE,1/9/18 16:03,R_OIRGAv3ewu9IhMd,,,,,42.35820007,-71.05069733,anonymous,EN,Degree-program student,Moderately Satisfied,Completely Satisfied,Great participation by all team members.  Good pace to meeting.,,Moderately Satisfied,Moderately Satisfied,Grateful for another protocol I can take away. ,,Completely Satisfied,Completely Satisfied,"Jenn was engaging, and it was great to hear a voice from the field who could provide clear examples of equity in action through Data Wise.",A little more time for Q & A,Moderately Satisfied,Moderately Satisfied,,More specific examples on do's/don'ts- make examples and non-examples.  I saw some charts that I think were statistically inaccurate??,45,5,Majority of the time,Almost always,Almost always,Almost always,Almost always,Almost always,Almost always,Almost always,Almost always,Almost always,Almost always,Almost always,We incorporated appreciations and reflections at the beginning and end of every meeting.,"I think we've created a space to give each other feedback, and as long as we continue to be open and honest, we will hold each other accountable."
1/9/18 15:59,1/9/18 16:03,IP Address,65.112.8.132,100,248,TRUE,1/9/18 16:03,R_12apU6k4bz3rnpx,,,,,42.35820007,-71.05069733,anonymous,EN,Degree-program student,Neutral,Moderately Satisfied,We got to know each other a little better,"To have a clearer understanding of the final product, but that could be my fault (my own ability) ",Moderately Satisfied,Moderately Satisfied,,,Completely Satisfied,Completely Satisfied,She was very dynamic and gave very relevant examples from her career.  The little nuances from her stories are something you cannot learn elsewhere. ,I wish she was giving out job offers :) ,Completely Satisfied,Completely Satisfied,It cleared up session 3 a lot for me. ,,46,4,Majority of the time,Majority of the time,Majority of the time,Majority of the time,Majority of the time,Majority of the time,Sometimes,Majority of the time,Majority of the time,Majority of the time,Majority of the time,Majority of the time,,
1/9/18 15:58,1/9/18 16:03,IP Address,65.112.8.131,100,276,TRUE,1/9/18 16:03,R_tPYdGZL6rMXiHsd,,,,,42.35820007,-71.05069733,anonymous,EN,Degree-program student,Moderately Satisfied,Moderately Satisfied,Good practice.,,Moderately Satisfied,Neutral,The topics were relevant and well-paced.,,Moderately Satisfied,Moderately Satisfied,Great to hear stories from the field.,,Completely Satisfied,Moderately Satisfied,,,43,4,Majority of the time,Majority of the time,Almost always,Majority of the time,Almost always,Majority of the time,Majority of the time,Majority of the time,Almost always,Majority of the time,Almost always,Majority of the time,,
1/9/18 15:58,1/9/18 16:03,IP Address,67.134.206.43,100,284,TRUE,1/9/18 16:03,R_2qCUc64V6rRrhXh,,,,,42.38000488,-71.13289642,anonymous,EN,Practitioner,Completely Satisfied,Completely Satisfied,working with my team and thinking about our context,we were all tired and slow to start,Moderately Satisfied,Moderately Satisfied,Protocol for our protocols to check in on how that worked for us ,would have preferred to go through SUMI protocol with table instead of whole room,Completely Satisfied,Completely Satisfied,high energy and enthusiasm and concrete example of how the process can enact significant change,,Completely Satisfied,Completely Satisfied,working with group and practicing notice/wonder protocol ,more time to walk around and look at other visualizations ,45,5,Almost always,Almost always,Almost always,Almost always,Majority of the time,Almost always,Almost always,Almost always,Almost always,Almost always,Almost always,Almost always,comitting and following through ,
1/9/18 15:46,1/9/18 16:03,IP Address,65.112.8.138,100,996,TRUE,1/9/18 16:03,R_1nOOLdUCoGxK8nN,,,,,42.35820007,-71.05069733,anonymous,EN,Degree-program student,Completely Satisfied,Completely Satisfied, I thought that having an agenda and an intentional facilitation helped to keep us on track.  ,,Moderately Satisfied,Moderately Satisfied,,,Completely Satisfied,Completely Satisfied,Very engaging and intentional in choice of stories ,"I would like to hear from a practitioner in a district with less glaring holes -- many of us work in or come from segregated districts where overall achievement is very low, and it can be overwhelming or difficult to pick one focus area when there seems to be so many.  I want to hear from someone who has used DataWise in the service of equity in this type of setting. ",Moderately Satisfied,Moderately Satisfied,Looking at data collaboratively and experiencing a new type of data.  ,"Setting up intentionally a chance at the beginning to frame the data in terms of what we can and cannot know from it, and how even data that it is often use negatively can be used to create a positive action plan.  I think some people in our group did not have a chance to present their concerns and frustrations at the beginning, and that inhibited their ability to work productively. ",42,3,Almost always,Almost always,Almost always,Majority of the time,Almost always,Almost always,Majority of the time,Sometimes,Majority of the time,Sometimes,Majority of the time,Majority of the time,We put our phones in the middle of the table!,Be more intentional about grounding our work in our vision for our students at the beginning of each session so that we can remain focused on doing the work rather than getting overwhelmed by the challenges. 
1/9/18 16:00,1/9/18 16:03,IP Address,65.112.8.130,100,191,TRUE,1/9/18 16:03,R_21jgC9V6zZ4aIlP,,,,,42.35820007,-71.05069733,anonymous,EN,Degree-program student,Completely Satisfied,Moderately Satisfied,Setting norms and continuing their practice throughout the meeting was extremely helpful in maintaining a collaborative and productive atmosphere.,Clarity about the Consultancy presentation on Friday and what would be expected.,Completely Satisfied,Completely Satisfied,,,Completely Satisfied,Completely Satisfied,,,Completely Satisfied,Moderately Satisfied,,The BART review was extremely fast. ,45,4,Almost always,Almost always,Almost always,Almost always,Majority of the time,Almost always,Majority of the time,Majority of the time,Almost always,Almost always,Almost always,Almost always,,
1/9/18 15:58,1/9/18 16:03,IP Address,65.112.8.137,100,297,TRUE,1/9/18 16:03,R_2TuQOsECHnjOFnG,,,,,42.35820007,-71.05069733,anonymous,EN,Degree-program student,Completely Satisfied,Moderately Satisfied,We stuck to the norms and everyone's voice was heard. We are prepared to move forward.,We decided that next time we need to read through the entire agenda first (right after check in),Completely Satisfied,Completely Satisfied,,,Completely Satisfied,Completely Satisfied,"Jem is amazing and reassuring. Her boldness is inspiring but she was also realistic and conveyed the feeling that ""this work is not only possible but it can be done.""",,Completely Satisfied,Completely Satisfied,,,46,4,Almost always,Almost always,Almost always,Almost always,Almost always,Almost always,Majority of the time,Majority of the time,Almost always,Almost always,Almost always,Almost always,We are using the language of the norms in our discussions and activities ,
1/9/18 15:59,1/9/18 16:03,IP Address,67.134.206.37,100,274,TRUE,1/9/18 16:03,R_1OCEM3xy7zQcHvf,,,,,42.38000488,-71.13289642,anonymous,EN,Practitioner,Completely Satisfied,Completely Satisfied,This session was AWESOME! It was great to have so much time to work independently and get meaningful feedback from my colleagues on the work that directly impacts my school community.,Nothing!,Completely Satisfied,Completely Satisfied,It was great to have a chance to reflect using the SUMI protocol - I will definitely be bringing this back to my school to use with staff.,Nothing!,Completely Satisfied,Completely Satisfied,Jen's presentation was so powerful and inspiring. It was so amazing to hear her three stories and see a model of how I could one day shape a Data Wise story at my school. ,Nothing!,Completely Satisfied,Completely Satisfied,"This was the most meaningful part of my day. As a NYC DOE Practitioner, it was invaluable to have my colleagues dig into my school's data with me. They brought such amazing insights and pushed my thinking in the best ways so that I will be better able to move this work forward at my school to serve all of my students.  ",More time!,46,5,Almost always,Almost always,Almost always,Almost always,Almost always,Almost always,Almost always,Almost always,Almost always,Almost always,Almost always,Almost always,,
1/9/18 15:58,1/9/18 16:04,IP Address,67.134.206.46,100,326,TRUE,1/9/18 16:04,R_D7uyJEQZZWfILDz,,,,,42.38000488,-71.13289642,anonymous,EN,Practitioner,Completely Satisfied,Completely Satisfied,I got to see the work that I am doing at my school in a visual representation. ,More time.,Completely Satisfied,Completely Satisfied,Learned a new strategy to take back to my school,have the group model the protocol,Completely Satisfied,Completely Satisfied,Ideas i want to try to help close the gap at my school for ELLS and SPED students,None,Completely Satisfied,Completely Satisfied,Hands on practice,Time to share out,46,5,Almost always,Almost always,Almost always,Almost always,Majority of the time,Almost always,Almost always,Almost always,Almost always,Almost always,,Almost always,holding each other accountable,nothing
1/9/18 15:59,1/9/18 16:04,IP Address,65.112.8.134,100,284,TRUE,1/9/18 16:04,R_eu35BwtKB3spB85,,,,,42.35820007,-71.05069733,anonymous,EN,Degree-program student,Completely Satisfied,Completely Satisfied,Timekeeper.  Facilitator kept us on task. ,,Completely Satisfied,Completely Satisfied,I like this tool for reflection. Helped to imagine how it could be tweaked and used in the future.,Nothing. A model? Maybe. Probably not.,Completely Satisfied,Completely Satisfied,"A highlight so far.  Fantastic, living presentation.",Nothing. It was excellent.,Completely Satisfied,Completely Satisfied,Great to practice with realistic examples.,Nothing.,46,5,Almost always,Majority of the time,Almost always,Majority of the time,Almost always,Almost always,Almost always,Majority of the time,Almost always,Almost always,Almost always,Almost always,Using DW language. Asking questions.,
1/9/18 15:52,1/9/18 16:04,IP Address,67.134.206.37,100,701,TRUE,1/9/18 16:04,R_1MRQi5mRnDtnq5c,,,,,42.38000488,-71.13289642,anonymous,EN,Practitioner,Completely Satisfied,Completely Satisfied,It was great to have the dedicated time to apply what we have learned and to apply it to our school.,Nothing,Completely Satisfied,Completely Satisfied,Great!,Nothing,Completely Satisfied,Completely Satisfied,Jennifer was wonderful and energetic!  She provided very different examples and how they applied in that situation.,"More time for questions, but not shorten her talk",Completely Satisfied,Completely Satisfied,Great to look at data from different perspectives and to create an actual display,Nothing,46,5,Almost always,Almost always,Almost always,Almost always,Majority of the time,Almost always,Almost always,Almost always,Almost always,Almost always,Almost always,Almost always,Being present and we are going to make a tent with the norms to have with our group and at school,Nothing
1/9/18 15:59,1/9/18 16:05,IP Address,65.112.8.141,100,336,TRUE,1/9/18 16:05,R_1rdiuJnttYsbXTY,,,,,42.35820007,-71.05069733,anonymous,EN,Degree-program student,Completely Satisfied,Completely Satisfied,"needed some time to clarify what, exactly, we needed to do/produce, and, as important, what we thought we needed but actually do not need to do/produce.",,Moderately Dissatisfied,Neutral,didn't seem necessary or particularly valuable,,Completely Satisfied,Completely Satisfied,"Excellent. Very dynamic speaker with a legit, real-world story using this process. ",,Moderately Satisfied,Moderately Satisfied,,,45,4,Almost always,Almost always,Almost always,Majority of the time,Almost always,Almost always,Almost always,Majority of the time,Almost always,Majority of the time,Majority of the time,Majority of the time,,
1/9/18 15:59,1/9/18 16:05,IP Address,67.134.206.33,100,351,TRUE,1/9/18 16:05,R_AAp86lT1iJ7uscF,,,,,42.38000488,-71.13289642,anonymous,EN,Practitioner,Completely Satisfied,Completely Satisfied,I appreciated having the time designated to meet with my group in a separate setting,,Completely Satisfied,Completely Satisfied,"I enjoyed the SUMI protocol as a way to reflect on the protocol we used yesterday.  This is a protocol I feel can be used in any setting, with teachers or students.",,Completely Satisfied,Completely Satisfied,Jennifer was awesome! I enjoyed hearing her stories and being able to actually see how the Data Wise process has affected other schools.,,Completely Satisfied,Completely Satisfied,I liked being able to hear from group members to see how they looked at the data,,46,5,Almost always,Almost always,Almost always,Almost always,Almost always,Almost always,Majority of the time,Almost always,Almost always,Almost always,Almost always,Almost always,,
1/9/18 16:04,1/9/18 16:05,IP Address,65.112.8.131,100,82,TRUE,1/9/18 16:05,R_RxHKsuiZL1fEU2R,,,,,42.35820007,-71.05069733,anonymous,EN,Degree-program student,Completely Satisfied,Completely Satisfied,Took time to work through and listen to each other ,,Completely Satisfied,Completely Satisfied,Good facilitation ,,Completely Satisfied,Completely Satisfied,Passionate speaker,,Completely Satisfied,Completely Satisfied,,,46,5,Almost always,Almost always,Almost always,Almost always,Almost always,Almost always,Almost always,Almost always,Almost always,Almost always,Almost always,Almost always,,
1/9/18 16:00,1/9/18 16:05,IP Address,67.134.206.45,100,325,TRUE,1/9/18 16:05,R_3RkouTHqftmJqAs,,,,,42.38000488,-71.13289642,anonymous,EN,Practitioner,Completely Satisfied,Completely Satisfied,It was quite meaningful to meet with colleagues and get feedback about the Journey Presentation.,,Completely Satisfied,Completely Satisfied,I think it is very important to address the deltas so that we feel our needs are being considered.,,Completely Satisfied,Completely Satisfied,This session was priceless.  I saw my school in the presentation that she gave about one of her schools.,,Completely Satisfied,Completely Satisfied,It was valuable to have others look at my school's data through different lenses.,,46,5,Almost always,Almost always,Almost always,Almost always,Almost always,Almost always,Almost always,Almost always,Almost always,Almost always,Almost always,Almost always,I believe that we are all really intentional about sticking to the protocol and hearing all voices.,
1/9/18 16:00,1/9/18 16:06,IP Address,67.134.206.41,100,325,TRUE,1/9/18 16:06,R_A0WFssyPNxrfTMd,,,,,42.38000488,-71.13289642,anonymous,EN,Practitioner,Moderately Satisfied,Completely Satisfied,Had high quality discussion on the why,"Complete the meeting, work on time management",Neutral,Neutral,It gave a great recap and implemented feedback from yesterday's session,"I personally did not relate to the deltas shared, so I did not find as much meaning in the activity.",Completely Satisfied,Completely Satisfied,Her energy and stories were fantastic.,Nothing,Completely Satisfied,Moderately Satisfied,I enjoyed looking at real data,I would of appreciated a little more time. I felt like we did not have enough time to complete the to do tasks.,45,5,Almost always,Almost always,Almost always,Majority of the time,Sometimes,Majority of the time,Almost always,Almost always,Almost always,Almost always,Almost always,Almost always,We are referencing the norms,
1/9/18 15:58,1/9/18 16:06,IP Address,65.112.8.143,100,479,TRUE,1/9/18 16:06,R_5pRgrMvUe67WCuB,,,,,42.35820007,-71.05069733,anonymous,EN,Degree-program student,Completely Satisfied,Completely Satisfied,The agenda template was helpful. We assigned jobs and that worked really well for us.,"Nothing, it was great!!",Completely Satisfied,Completely Satisfied,I really appreciated how you appreciated our time in filling out the feedback and addressed it right away. I liked learning the SUMI protocol too. I'm super into learning all these protocols; they've been so helpful. ,Maybe a little more time? ,Completely Satisfied,Completely Satisfied,Jen is a great speaker and I learned so much from her actions as a principal and superintendent!,"I wish she'd spoken longer, actually. I didn't mind just sitting and listening because what she was saying was so important.",Moderately Satisfied,Moderately Satisfied,It was a good assignment to prepare us for the project,I feel like we needed more time to go over some of the data. This wasn't any instructors fault but it was hard to read so I was confused and felt unprepared to actually make the rough data chart. This may be because I don't have a lot of experience with data but still I felt confused for most of this hour of the session.,46,5,Almost always,Almost always,Almost always,Almost always,Almost always,Almost always,Majority of the time,Majority of the time,Almost always,Majority of the time,Majority of the time,Majority of the time,respecting each other's voices and learning from one another,"Review them more often, point out when norms aren't being followed"
1/9/18 16:02,1/9/18 16:06,IP Address,65.112.8.130,100,264,TRUE,1/9/18 16:06,R_ZaWGDVnw963nBV7,,,,,42.35820007,-71.05069733,anonymous,EN,Teaching Fellow,Completely Satisfied,Completely Satisfied,The organized rolling agendas and using the why to discuss the purpose of the data usage.  ,Nothing,Moderately Satisfied,Completely Satisfied,The review of the plus/deltas and affirming people's input.  ,None.,Completely Satisfied,Completely Satisfied,The energy and application of Jen Price.,None,Moderately Satisfied,Completely Satisfied,The layout of step 3.,"An activity that get people to connect with other educators.  We have been working with the same team in the group, and it would be nice to meet people from other groups.  ",45,4,Almost always,Almost always,Almost always,Sometimes,Sometimes,Majority of the time,Almost always,Almost always,Almost always,Sometimes,Sometimes,Majority of the time,They are trying to stay low on the ladder and use the protocols in their conversations.  ,None.
1/9/18 15:59,1/9/18 16:06,IP Address,67.134.206.41,100,431,TRUE,1/9/18 16:06,R_1pyacivGadWzSw9,,,,,42.38000488,-71.13289642,anonymous,EN,Practitioner,Completely Satisfied,Completely Satisfied,Time to work with school group; time to collaborate and discuss ways to help introduce staff to data wise so they see it as valuable.,,Moderately Satisfied,Moderately Satisfied,Going through the process to think about it.,,Completely Satisfied,Completely Satisfied,Enjoyed seeing how this process works in the field and how she implemented it to make change for students and schools.,,Completely Satisfied,Completely Satisfied,Making the charts to show the headline.  It was more difficult than I thought it would be to choose the best format for the information.,,46,5,Almost always,Almost always,Almost always,Almost always,Almost always,Almost always,Almost always,Almost always,Almost always,Almost always,Almost always,Almost always,Following them,so far so good!
1/9/18 16:04,1/9/18 16:06,IP Address,67.134.206.44,100,156,TRUE,1/9/18 16:06,R_2fIgiZiIRG55GwL,,,,,42.38000488,-71.13289642,anonymous,EN,Teaching Fellow,Completely Satisfied,Completely Satisfied,The NYC teams had good individual time to work on and discuss their journey presentations. ,,Moderately Satisfied,Completely Satisfied,Providing the SUMI protocol to take back,,Completely Satisfied,Completely Satisfied,Real world example of DW in action to further equity.,More time to discuss,,,,,45,5,Almost always,Almost always,Almost always,Almost always,Sometimes,Almost always,Almost always,Almost always,Almost always,Almost always,Almost always,Almost always,,
1/9/18 15:59,1/9/18 16:06,IP Address,67.134.206.34,100,455,TRUE,1/9/18 16:06,R_3e51KuqcZ7H5Pa2,,,,,42.38000488,-71.13289642,anonymous,EN,Practitioner,Completely Satisfied,Completely Satisfied,It was great to have time to work on our journey.  It was also very productive to hear what other schools were working on.  ,Just a little more time to work on my journey presentation.  ,Completely Satisfied,Completely Satisfied,I have never done this before.  I was good to reflect on it because we did it earlier yesterday when we had just gotten there.,,Completely Satisfied,Completely Satisfied,"Very powerful voice.  It was good to hear about Data Wise being applied in a very real way from the administrative perspective.
",It was just a little too long to be sitting and listening.,Completely Satisfied,Completely Satisfied,It was good to work on a data display and to participate as a group to review data.,Nothing.,46,5,Almost always,Almost always,Almost always,Sometimes,Sometimes,Almost always,Almost always,Almost always,Almost always,Almost always,Almost always,Almost always,We are talking about them a lot.,We should just keep reinforcing them.  They will become a matter of habit.
1/9/18 16:00,1/9/18 16:07,IP Address,67.134.206.43,100,429,TRUE,1/9/18 16:07,R_Wd3DRdnBTU6BmHD,,,,,42.38000488,-71.13289642,anonymous,EN,Practitioner,Completely Satisfied,Completely Satisfied,Having time to share our journey presentation and our school data around our focus area.  ,,Completely Satisfied,Completely Satisfied,Had an opportunity to reflect on our conversations within our case groups and share-out what worked well.,,Completely Satisfied,Completely Satisfied,Learning from an expert in the field and hearing she went through the steps of the process with her school and has improved students outcomes.  This is a confirmation and an inspiration that the process works.  ,,Completely Satisfied,Completely Satisfied,This worked well being that organizing and looking a data is not my strong and working with colleagues who are knowledgeable about the process helped me develop a better understanding. ,,46,5,Almost always,Almost always,Almost always,Almost always,Almost always,Almost always,Almost always,Almost always,Almost always,Almost always,Almost always,Almost always,holding ourselves and each other accountable.,
1/9/18 16:02,1/9/18 16:07,IP Address,67.134.206.45,100,276,TRUE,1/9/18 16:07,R_20V7a0B042jPe31,,,,,42.38000488,-71.13289642,anonymous,EN,Practitioner,Completely Satisfied,Completely Satisfied,I liked going over the data in the group which is something I think worked well.,I would of liked to have longer time to work on looking at the data.,Completely Satisfied,Completely Satisfied,,,Completely Satisfied,Completely Satisfied,I enjoyed the stories in regards to how long it took for data to make a change in the school.,I would of liked to have/heard more information from the speaker.,Completely Satisfied,Completely Satisfied,Discussing the data worked well.,I think we needed more time to dig deep into the data.,46,5,Almost always,Almost always,Almost always,Almost always,Almost always,Almost always,Almost always,Almost always,Almost always,Almost always,Almost always,Almost always,We are holding each person accountable.,
1/9/18 16:00,1/9/18 16:07,IP Address,67.134.206.34,100,399,TRUE,1/9/18 16:07,R_pJIFpVj2kgxgF0J,,,,,42.38000488,-71.13289642,anonymous,EN,Practitioner,Moderately Satisfied,Completely Satisfied,The team was able to coordinate efforts to accomplish the tasks that we set out. It was nice to have that flexible time to work.,N/A,Completely Satisfied,Completely Satisfied,Nice to reflect upon the work from the day before.,N/A,Completely Satisfied,Completely Satisfied,It was nice to see someone who was enthusiastic and motivated. Hearing these stories about what CAN happen in schools is refreshing.,I would like to hear perspectives on schools that are majority minority and successes there.,Completely Satisfied,Completely Satisfied,It was nice to look at another group's data and think through how to capture a positive aspect of some group of students as well as a place to focus on growth. Helps make you think about what you would want to dig in if looking at your own.,Follow up by asking what you are now wondering about your own data (not looking at it).,46,5,Almost always,Majority of the time,Almost always,Almost always,Majority of the time,Majority of the time,Almost always,Almost always,Almost always,Almost always,Almost always,Almost always,Keeping each other mindful of them.,Just continue to point out moments to reflect on the use of the norms.
1/9/18 16:00,1/9/18 16:07,IP Address,67.134.206.42,100,465,TRUE,1/9/18 16:07,R_1KjawvHR60oP3jF,,,,,42.38000488,-71.13289642,anonymous,EN,Practitioner,Completely Satisfied,Completely Satisfied,Time for collaboration with our team.,The amount of time we had with Rob.,Moderately Satisfied,Moderately Satisfied,Introduction to the SUMI protocol.,More time o dig deeper into the protocol and possible uses.,Moderately Satisfied,Moderately Satisfied,Real world experience with Data Wise approach was shared.,Time for more questions.,Moderately Satisfied,Completely Satisfied,Collaborative work with group as we looked at data.,Time!,45,4,Majority of the time,Majority of the time,Majority of the time,Majority of the time,Almost always,Sometimes,Almost always,Almost always,Almost always,Almost always,Almost always,Almost always,Discussing norms.,Create a process observer. 
1/9/18 16:01,1/9/18 16:08,IP Address,67.134.206.43,100,457,TRUE,1/9/18 16:08,R_pAuxkshpVI2Q5TX,,,,,42.38000488,-71.13289642,anonymous,EN,Degree-program student,Completely Satisfied,Completely Satisfied,"Group collaborative work, group having homework done",Nothing!,Moderately Satisfied,Completely Satisfied,Reviewing the equity pilars,Maybe just a quick remembering would be enough ,Completely Satisfied,Completely Satisfied,"Excellent presentation, speaking and knowledge about the content",More time for interaction ,Completely Satisfied,Completely Satisfied,bringing real data from a school,few time to get more details,45,4,Almost always,Almost always,Almost always,Almost always,Almost always,Almost always,Almost always,Almost always,Almost always,Almost always,Almost always,Almost always,"good sense, calling each others attention, being honest all the time",Keep on the good job
1/9/18 16:02,1/9/18 16:09,IP Address,67.134.206.41,100,408,TRUE,1/9/18 16:09,R_3EzF7nAuxGwXfNy,,,,,42.38000488,-71.13289642,anonymous,EN,Practitioner,Completely Satisfied,Completely Satisfied,The collaboration and the opportunity to work on the work. ,"Nothing, it was perfect, thank you!",Completely Satisfied,Completely Satisfied,The discussion and the activity.,Nothing,Completely Satisfied,Completely Satisfied,"The presentation of the speaker and the opportunity to hear her story.  Most of all, her wit and candor. ",Nothing,Completely Satisfied,Completely Satisfied,Collaborative group work,Nothing,46,5,Almost always,Almost always,Almost always,Almost always,Almost always,Almost always,Almost always,Almost always,Almost always,Almost always,Almost always,Almost always,Acknowledgement of the Norms,Nothing
1/9/18 15:59,1/9/18 16:09,IP Address,67.134.206.37,100,606,TRUE,1/9/18 16:09,R_12FjNXibfwUrF4P,,,,,42.38000488,-71.13289642,anonymous,EN,Practitioner,Completely Satisfied,Completely Satisfied,I enjoyed independent time to work on my schools' Journey Presentation. I also enjoyed having team members close by to support me in this process as I had questions that were arising.,"Sometimes the time constraints of the rolling agenda limit the amount of progress that you can make. I understand that we have to stick to the protocol, however sometimes the protocol can limit your thought process.",Completely Satisfied,Completely Satisfied,,,Completely Satisfied,Completely Satisfied,"I enjoyed hearing our story and coming to the realization that this process works. I saw the why, I saw the passion. I want to share her passion.",More time for questions with this wonderful powerhouse of information.,Completely Satisfied,Completely Satisfied,"I enjoyed getting new perspectives about my schools' data, that I had not seen before. This was so helpful and beneficial.","This session worked well for me, No changes",46,5,Almost always,Almost always,Almost always,Almost always,Majority of the time,Majority of the time,Almost always,Almost always,Almost always,Almost always,Majority of the time,Majority of the time,My classmates ask thought provoking questions,We just have to make sure that we are checking in with each other.
1/9/18 16:01,1/9/18 16:09,IP Address,65.112.8.140,100,534,TRUE,1/9/18 16:09,R_ZriLCZ55k3nlz7X,,,,,42.35820007,-71.05069733,anonymous,EN,Degree-program student,Completely Satisfied,Completely Satisfied,The facilitator planned an agenda that flowed well and we were able to cover a lot of ground while also having rich conversations,N/A,Moderately Satisfied,Moderately Satisfied,SUMI Protocol gave an opportunity for double-loop learning,I think the conversation would have been richer and more meaningful if we had had it within our case study group in order to further build and strengthen our community,Completely Satisfied,Neutral,She provided real-life context and some practical solutions ,"Given the topic of equity, I would have appreciated more explicit reference to the systems that that contribute to the inequities we were exploring in terms of student achievement--without naming the larger systemic issue, it can be easy for the conversation to sound like problematizing students' performance as a result of their specific identities. I would have also appreciated more discussion around the racial make-up of the various school/district staff--knowing the schools/districts serve a diversity of students, it was curious that the staff's racial demographics were not mentioned either, and the ways in which that could reflect larger systemic issues that need to be addressed. Lastly, I am wondering about how Dr. Price built capacity of her staff--at times, it sounded like she not only initiated the work, but that staff fell in line with her vision rather than creating a vision together. I'm wondering about the implications of sustainability if the vision of the work lives within one individual.",Completely Satisfied,Moderately Satisfied,The example PPT was a helpful reference,"The data supplied by practitioners was not dis-aggregated, which stunted conversations about equity. ",43,3,Almost always,Almost always,Almost always,Almost always,Almost always,Almost always,Almost always,Almost always,Almost always,Almost always,Almost always,Almost always,We have added an Appreciations portion to our Pluses/Deltas protocol to specifically affirm one another,N/A
1/9/18 16:01,1/9/18 16:10,IP Address,67.134.206.45,100,541,TRUE,1/9/18 16:10,R_Owkgw9lQDDWUHsJ,,,,,42.38000488,-71.13289642,anonymous,EN,Practitioner,Completely Satisfied,Completely Satisfied,The independent work time was especially helpful as well as having the opportunity to view other journey presentations and discuss how people made decisions on what to include and how to include it.,,Completely Satisfied,Completely Satisfied,I liked the SUMI Protocol. It was an interesting way to think through a protocol and realize that is ok to change or modify a protocol to meet the needs of my colleagues.,,Moderately Satisfied,Moderately Satisfied,It was very interesting to hear examples of how the process was utilized in more than one context from someone who was directly engaged in the work.,It was a long presentation especially following lunch. It might have been better to have it a little more broken up. Also it would be nice to hear from someone working in a school that is always cash-strapped and with far fewer resources such as affluent parents.,Completely Satisfied,Completely Satisfied,It was interesting to hear about other peoples' interpretations of the same pieces of data from outside of my school.,I would have liked more time devoted to this part.,46,5,Almost always,Almost always,Almost always,Almost always,Almost always,Almost always,Almost always,Almost always,Almost always,Almost always,Almost always,Almost always,I think everyone is assuming positive intentions.,Have devices be used only for emergencies. 
1/9/18 15:58,1/9/18 16:11,IP Address,67.134.206.38,100,770,TRUE,1/9/18 16:11,R_1i2TY8ppquJIAFK,,,,,42.38000488,-71.13289642,anonymous,EN,Practitioner,Completely Satisfied,Completely Satisfied,Our ability to work together.,More time.,Completely Satisfied,Completely Satisfied,It's always good to hear and see feedback.,Not rushing through it.,Completely Satisfied,Completely Satisfied,All sessions have been excellent but it's the best session we have had so far because she showed us how the rubber meets the road.,More time with her!,Completely Satisfied,Completely Satisfied,All of it.,Nothing.,46,5,Majority of the time,Majority of the time,Majority of the time,Majority of the time,Majority of the time,Sometimes,Majority of the time,Majority of the time,Majority of the time,Majority of the time,Majority of the time,Majority of the time,Gentle reminders that are encouraging and supportive and don't sound like reminders!,Continue to remind each other gently.
1/9/18 16:09,1/9/18 16:11,IP Address,65.112.8.136,100,164,TRUE,1/9/18 16:11,R_1gngV4CcY6h76kP,,,,,42.35820007,-71.05069733,anonymous,EN,Degree-program student,Completely Satisfied,Completely Satisfied,,,Completely Satisfied,Completely Satisfied,,,Completely Satisfied,Completely Satisfied,"Motivating, inspiring teacher.",,Completely Satisfied,Completely Satisfied,,,46,5,Almost always,Almost always,Almost always,Almost always,Almost always,Almost always,Almost always,Almost always,Almost always,Majority of the time,Almost always,Almost always,,
1/9/18 15:58,1/9/18 16:12,IP Address,65.112.8.134,100,836,TRUE,1/9/18 16:12,R_2tlZf7WvQsMOt8B,,,,,42.35820007,-71.05069733,anonymous,EN,Degree-program student,Completely Satisfied,Completely Satisfied,We consistency revisited norms and spoke about our team dynamic which supported all of our learning ,,Moderately Satisfied,Moderately Satisfied,,,Moderately Dissatisfied,Moderately Dissatisfied, ,I felt like the language Jennifer Price uses was a but problematic. She didn't speak to the structural factors as to why students of color were underperforming which seems to put the burden on the student. Especially during the conversation about equity I felt like this was pretty inappropriate and maybe reinforces stereotypes about those students.,Neutral,Neutral,,,43,3,Almost always,Almost always,Almost always,Almost always,Almost always,Almost always,Almost always,Almost always,Almost always,Almost always,Almost always,Almost always,,
1/9/18 15:59,1/9/18 16:13,IP Address,67.134.206.35,100,861,TRUE,1/9/18 16:13,R_1k2oBsXb29jGouO,,,,,42.38000488,-71.13289642,anonymous,EN,Teaching Fellow,,,Chance to reflect and bounce ideas of of everyone. I also liked the big group share out. It was a good opportunity for folks to hear from people outside of their pod. ,I maybe would have just had a full 90 minutes of work time instead of breaking it up for the progress update. But it worked pretty well so I'm nitpicking. ,,,I liked the SUMI. We missed this yesterday and I think it was a nice chance for people to reflect back on those conversations and think about bringing the protocol back to their schools. ,Nothing. ,,,Loved Jennifer's energy and all the strategies her schools used to combat equity issues were eye opening. ,"I wanted a more explicit connection to the data wise steps. It seemed to me that all the good work (step 6-8) that happened at her schools was sparked by data (step 3) which is great, but I wanted more explicit connections to Steps 4 and 5 especially. ",,,Using real data from our schools. I also loved the idea of creating headlines to fuel the creation of our data story. ,Maybe more explicit direction about the fact that the chart they are creating is part of a larger overview. Some of my pairs wanted to show too much on their graph and I think maybe they thought they needed to show their entire story on a single graph. ,,,,,,,,,,,,,,,"Virtually no cell phone usage. Completely adhering to ""be here now"".",Be a bit more mindful of time especially when we go off protocol. 
1/9/18 16:00,1/9/18 16:14,IP Address,65.112.8.139,100,846,TRUE,1/9/18 16:14,R_1gkGPgGRZUogFYK,,,,,42.35820007,-71.05069733,anonymous,EN,Degree-program student,Completely Satisfied,Moderately Satisfied,We followed the norms diligently and started/ended on time which was refreshing compared to my other team meetings. ,I wish we had a the slide deck from BART that we received in the afternoon session to drive this meeting.  I fear we did not get as much accomplished as we should have. ,Moderately Satisfied,Completely Satisfied,It was great to see that the plus/deltas from yesterday were actually used to create the first 20 minutes of class today. ,It was hard to remember everything from yesterday. ,Completely Satisfied,Completely Satisfied,Awesome to hear from someone so powerful who is currently using Data Wise at a school and district level. ,Not enough time for questions at the end. ,Completely Satisfied,Completely Satisfied,It was great to look at someone else's data and begin to create the story.  This was great practice. ,I wish we had these slides earlier.  There was also not enough time to look at other people's interpretation of the same data around the room. ,45,5,Almost always,Almost always,Almost always,Almost always,Majority of the time,Majority of the time,Almost always,Almost always,Almost always,Almost always,Almost always,Almost always,We have included a process check at the beginning of our agendas. ,Call each other out for not grounding each other in evidence. 
1/9/18 16:08,1/9/18 16:16,IP Address,67.134.206.40,100,501,TRUE,1/9/18 16:16,R_1BQVjA7B9uS6mvF,,,,,42.38000488,-71.13289642,anonymous,EN,Teaching Fellow,Completely Satisfied,Completely Satisfied,,,Completely Satisfied,Completely Satisfied,,,Completely Satisfied,Completely Satisfied,a dynamic speaker!,"Shorter responses to each answer, so that more participants can ask a question. Or use the option in Google slides, where people can send questions to the speaker - and then the speaker can choose which ones to answer. ",Completely Satisfied,Completely Satisfied,important to review data using various perspectives ,"Participants get a chance to view the headlines and the data for the same data sets. Example: All Scarborough groups, A, C, and D gallery walked to each other. That way they can make sense of the headlines and data graphics having seen the data already. 
It may not have been necessary to have diverse data. We can all use the same data and therefore have greater perspectives- as it would include all participants!",45,5,Almost always,Majority of the time,Majority of the time,Majority of the time,Sometimes,Sometimes,Majority of the time,Almost always,Almost always,Almost always,Almost always,Majority of the time,"Process Observation, calling each other out when not abiding by them, reviewing the norms and adding our own that allowed team to take ownership",
1/9/18 16:13,1/9/18 16:17,IP Address,67.134.206.35,100,214,TRUE,1/9/18 16:17,R_p02OYTmM6920T8l,,,,,42.38000488,-71.13289642,anonymous,EN,Practitioner,Completely Satisfied,Completely Satisfied,Everything,Nothing,Completely Satisfied,Completely Satisfied,,,Completely Satisfied,Completely Satisfied,,,Completely Satisfied,Completely Satisfied,Great session. Working with actual data was eye opening.,Nothing,46,5,Majority of the time,Majority of the time,Majority of the time,Majority of the time,Majority of the time,Majority of the time,Majority of the time,Majority of the time,Majority of the time,Majority of the time,Majority of the time,Majority of the time,Reminding each other about the norms and performing periodical norm checks and when necessary making adjustments,Nothing more than what they are doing.
1/9/18 16:05,1/9/18 16:19,IP Address,67.134.206.41,100,883,TRUE,1/9/18 16:19,R_2BnyES5RiRfAKyn,,,,,42.38000488,-71.13289642,anonymous,EN,Practitioner,Moderately Satisfied,Moderately Satisfied,I had a chance to work on a project that may benefit my team.,Nothing,Moderately Satisfied,Moderately Satisfied,We had a chance to reflect.,,Completely Satisfied,Completely Satisfied,"I loved Jennifer's ""real"" talk.","More time to ask Jennifer questions to really dig into or provide us with examples of her priority questions, the action plans they developed to address them and what were the successes.",Completely Satisfied,Completely Satisfied,"We were very open with one another and David did not get offended about the data and the notices and wonderings we presented as a group. 
We followed the Data Wise Norms and I felt very comfortable with the team.",More time to work as a group to practice creating headlines to represent the data.,46,5,Almost always,Almost always,Almost always,Majority of the time,Almost always,Almost always,Almost always,Almost always,Almost always,Almost always,Almost always,Almost always,Reminding each other.,
1/9/18 16:17,1/9/18 16:34,IP Address,67.134.206.36,100,1045,TRUE,1/9/18 16:34,R_3CI8iLGw1HwO94x,,,,,42.38000488,-71.13289642,anonymous,EN,Teaching Fellow,Completely Satisfied,Completely Satisfied,Schools liked working on the journey presentation,N/A,Completely Satisfied,Completely Satisfied,,,Completely Satisfied,Completely Satisfied,WOW!!! This was so very powerful. I loved everything about this session,Maybe a bit more about what some of this work looked like on the ground,Completely Satisfied,Completely Satisfied,Using practitioner data was awesome. Loved the chart making. ,"Maybe we need to let people who present their data know that they need to provide a slide for context and also how the data is reported. It took a bit of time to get through this. 
Give more time to look at other people's charts",46,5,Almost always,Almost always,Almost always,Sometimes,Sometimes,Almost always,Almost always,Almost always,Almost always,Sometimes,Sometimes,Almost always,,Talk about hearing all voices and monitoring air time
1/10/18 10:24,1/10/18 10:32,IP Address,128.103.181.41,100,445,TRUE,1/10/18 10:32,R_8jkS0mJb9yZmdY5,,,,,42.38000488,-71.13289642,anonymous,EN,Teaching Fellow,Completely Satisfied,Completely Satisfied,Groups were intentional about using the DW norms.,Nothing at the moment.,Completely Satisfied,Completely Satisfied,Discussing how the teaching team would resolve deltas from the prior day.,Nothing.,Completely Satisfied,Completely Satisfied,Discussion of equity strategies.,More time for Q&A (many participants really want information on how they might infuse equitable approaches in campus instruction and activities.,Completely Satisfied,Completely Satisfied,Encouraging teams to assess data and recreate a more (visually) appealing data overview.,Have each group use the same data set/s.,46,5,Almost always,Majority of the time,Almost always,Almost always,Majority of the time,Majority of the time,Majority of the time,Majority of the time,Majority of the time,Almost always,Majority of the time,Majority of the time,"Including a ""Norms Checker"" as a role.",
1/9/18 16:03,1/9/18 16:16,IP Address,67.134.206.44,13,783,FALSE,1/16/18 17:26,R_reFvLKbD9xHmCxH,,,,,,,anonymous,EN,Practitioner,,,,,,,,,,,,,,,,,,,,,,,,,,,,,,,,