StartDate,EndDate,Status,IPAddress,Progress,Duration (in seconds),Finished,RecordedDate,ResponseId,RecipientLastName,RecipientFirstName,RecipientEmail,ExternalReference,LocationLatitude,LocationLongitude,DistributionChannel,UserLanguage,Q3,Q5_1,Q5_2,Q7,Q6,Q8_1,Q8_2,Q21,Q9,Q11_1,Q11_2,Q16,Q60,Q14_1,Q14_2,Q59,Q15,Q57,Q58,Q17_1,Q17_2,Q19,Q18,Q23_1,Q24_1
Start Date,End Date,Response Type,IP Address,Progress,Duration (in seconds),Finished,Recorded Date,Response ID,Recipient Last Name,Recipient First Name,Recipient Email,External Data Reference,Location Latitude,Location Longitude,Distribution Channel,User Language,What is your role?,[Team Session] Wednesday Morning Project Team Meeting (Team) - Quality of Collaboration,[Team Session] Wednesday Morning Project Team Meeting (Team) - Progress on meeting objectives,What worked well about this session?,What would you have liked to change about this session?,[Optional Session] Roundtable for Aspiring Data Wise Coaches (Kathy Boudett) - Usefulness of session,[Optional Session] Roundtable for Aspiring Data Wise Coaches  (Kathy Boudett) - Quality of Instruction,What worked well about this session?,What would you have liked to change about this session?,"[Faculty Session] Spiral Review (Kathy Boudett) In this session we reviewed how our project teams are doing with norms, introduced the idea of technical and adaptive challenges and connected it to the Friday consultancies, heard some transparent facilitation around the equity speaker, and engaged in dyad listening. - Importance of Topic","[Faculty Session] Spiral Review (Kathy Boudett) In this session we reviewed how our project teams are doing with norms, introduced the idea of technical and adaptive challenges and connected it to the Friday consultancies, heard some transparent facilitation around the equity speaker, and engaged in dyad listening. - Quality of Instruction",What worked well about this session?,What would you have liked to change about this session?,[Case Session] Step 4 Case: Digging into Student Data (Kathy Boudett & Rob Wessman)In this session we looked at student work and practiced identifying a learner-centered problem. - Importance of Topic,[Case Session] Step 4 Case: Digging into Student Data (Kathy Boudett & Rob Wessman)In this session we looked at student work and practiced identifying a learner-centered problem. - Quality of Instruction,What worked well about this session?,What would you have liked to change about this session?,"Rock/Paper/Scissors

What worked well about this activity?",What would you have liked to change about this activity?,"[Faculty Session] Learning To See (Kathy Boudett)

In this session, we practiced maintaining a relentless focus on evidence when looking at practice and used the Objectivity/Specificity Matrix to improve the quality of data we collect. - Importance of Topic","[Faculty Session] Learning To See (Kathy Boudett)

In this session, we practiced maintaining a relentless focus on evidence when looking at practice and used the Objectivity/Specificity Matrix to improve the quality of data we collect. - Quality of Instruction",What worked well about this session?,What would you have liked to change about this session?,Today's class and activities were intellectually challenging - Strongly disagree:Strongly agree,Today's class and activities helped me reflect on how Data Wise tools could be used in the service of equity - Strongly disagree:Strongly agree
"{""ImportId"":""startDate"",""timeZone"":""America/New_York""}","{""ImportId"":""endDate"",""timeZone"":""America/New_York""}","{""ImportId"":""status""}","{""ImportId"":""ipAddress""}","{""ImportId"":""progress""}","{""ImportId"":""duration""}","{""ImportId"":""finished""}","{""ImportId"":""recordedDate"",""timeZone"":""America/New_York""}","{""ImportId"":""_recordId""}","{""ImportId"":""recipientLastName""}","{""ImportId"":""recipientFirstName""}","{""ImportId"":""recipientEmail""}","{""ImportId"":""externalDataReference""}","{""ImportId"":""locationLatitude""}","{""ImportId"":""locationLongitude""}","{""ImportId"":""distributionChannel""}","{""ImportId"":""userLanguage""}","{""ImportId"":""QID1""}","{""ImportId"":""QID54_1""}","{""ImportId"":""QID54_2""}","{""ImportId"":""QID56_TEXT""}","{""ImportId"":""QID55_TEXT""}","{""ImportId"":""QID42_1""}","{""ImportId"":""QID42_2""}","{""ImportId"":""QID43_TEXT""}","{""ImportId"":""QID15_TEXT""}","{""ImportId"":""QID51_1""}","{""ImportId"":""QID51_2""}","{""ImportId"":""QID50_TEXT""}","{""ImportId"":""QID60_TEXT""}","{""ImportId"":""QID48_1""}","{""ImportId"":""QID48_2""}","{""ImportId"":""QID59_TEXT""}","{""ImportId"":""QID49_TEXT""}","{""ImportId"":""QID57_TEXT""}","{""ImportId"":""QID58_TEXT""}","{""ImportId"":""QID45_1""}","{""ImportId"":""QID45_2""}","{""ImportId"":""QID47_TEXT""}","{""ImportId"":""QID46_TEXT""}","{""ImportId"":""QID21_1""}","{""ImportId"":""QID36_1""}"
1/10/18 15:49,1/10/18 15:52,IP Address,65.112.8.129,100,187,TRUE,1/10/18 15:52,R_32McA3Ua0xNoUyV,,,,,42.35820007,-71.05069733,anonymous,EN,Degree-program student,Moderately Satisfied,Moderately Satisfied,"got our graphs done, but didn't achieve other objectives because they took longer than anticipated. ",,,,,,Completely Satisfied,Completely Satisfied,,,Completely Satisfied,Completely Satisfied,review of learner-centered problems on wall. ,,,,Completely Satisfied,Completely Satisfied,,,46,43
1/10/18 15:50,1/10/18 15:54,IP Address,67.134.206.33,100,248,TRUE,1/10/18 15:54,R_3ELN0KIAjijNd0p,,,,,42.38000488,-71.13289642,anonymous,EN,Practitioner,Completely Satisfied,Completely Satisfied,"My group and I stay on task and work to complete our Journey Presentation, which in turn helps us see what we want to differently next year, whats corners we cut this year, which were very important and that DataWise deserves the time.",Nothing,,,,,Neurtal,Neurtal,,,Completely Satisfied,Completely Satisfied,"This helps me, so when I turnkey it to my math department. ","I would have liked to give my LCP to the graduate students in my case study group, so I could have different eyes looking at it, and so they could have helped me make my LCP smaller and more specific. ",Energy,nothing,Moderately Satisfied,Moderately Satisfied,to learn how to observe successfully,"NYC teachers already saw this information and did this in a professional development, so possibly having an alternative assignment to complete.",45,45
1/10/18 15:54,1/10/18 15:54,IP Address,65.112.8.135,100,33,TRUE,1/10/18 15:54,R_1Ov0ZSg7EZLUYL2,,,,,42.35820007,-71.05069733,anonymous,EN,Degree-program student,Moderately Satisfied,Completely Satisfied,,,Very Useful,Very Useful,,,Moderately Satisfied,Completely Satisfied,,,Completely Satisfied,Completely Satisfied,,,,,Completely Satisfied,Completely Satisfied,,,45,46
1/10/18 15:51,1/10/18 15:55,IP Address,67.134.206.38,100,218,TRUE,1/10/18 15:55,R_vohyLGy8MartJh7,,,,,42.38000488,-71.13289642,anonymous,EN,Practitioner,Completely Satisfied,Completely Satisfied,Having time to talk about my specific work.,Need more time to work independently and/or with my group,Very Useful,Very Useful,,More time to talk about the program and hear from someone in the program,Completely Satisfied,Completely Satisfied,,"Did not have time to look at the consultancy protocol.  I know the protocol but for others who were not familiar, this time was cut.",Completely Satisfied,Completely Satisfied,,,Loved it!  High energy!,Some did not know how to play and didnâ€™t/couldnâ€™t play.,Completely Satisfied,Completely Satisfied,,Working with someone different-nice change.,46,46
1/10/18 15:51,1/10/18 15:55,IP Address,65.112.8.136,100,209,TRUE,1/10/18 15:55,R_2fD6QUg7MQsGLp9,,,,,42.35820007,-71.05069733,anonymous,EN,Degree-program student,Completely Satisfied,Completely Satisfied,All team dedicated to work,,,,,,Moderately Satisfied,Neurtal,Showed responsiveness to feedback.,Why bring up tech vs adaptive if you're not going to really go into it?,Completely Satisfied,Completely Satisfied,,"Cherina often talks to our group while whole-group instruction is happening, makes it hard to catch everything or concentrate.",reawakening,,Completely Satisfied,Completely Satisfied,,,46,43
1/10/18 15:54,1/10/18 15:55,IP Address,65.112.8.142,100,24,TRUE,1/10/18 15:55,R_cZqDrToet88Yy89,,,,,42.35820007,-71.05069733,anonymous,EN,Degree-program student,Completely Satisfied,Completely Satisfied,,,Very Useful,Very Useful,,,Completely Satisfied,Completely Satisfied,,,Completely Satisfied,Completely Satisfied,,,,,Completely Satisfied,Completely Satisfied,,,43,46
1/10/18 15:55,1/10/18 15:56,IP Address,67.134.206.40,100,74,TRUE,1/10/18 15:56,R_1Id6XROhaPaLQt0,,,,,42.38000488,-71.13289642,anonymous,EN,Practitioner,Moderately Satisfied,Moderately Satisfied,,,,,,,Moderately Satisfied,Moderately Satisfied,,,Moderately Satisfied,Moderately Satisfied,,,Getting up and moving around after lunch,,Moderately Satisfied,Moderately Satisfied,,,45,45
1/10/18 15:54,1/10/18 15:57,IP Address,67.134.206.39,100,125,TRUE,1/10/18 15:57,R_2t0bPQoSD100gKe,,,,,42.38000488,-71.13289642,anonymous,EN,Practitioner,Completely Satisfied,Completely Satisfied,Individual Work Time,Offer more time to work individually,,,,,Moderately Satisfied,Moderately Satisfied,,,Completely Satisfied,Completely Satisfied,,,Collaboration and Team Work,,Completely Satisfied,Completely Satisfied,More examples and practice with the matrix,,45,46
1/10/18 15:55,1/10/18 15:57,IP Address,65.112.8.134,100,78,TRUE,1/10/18 15:57,R_3FPg7arWQhz350e,,,,,42.35820007,-71.05069733,anonymous,EN,Degree-program student,Completely Satisfied,Completely Satisfied,I really liked watching the video and doing hands on activities. ,,,,,,Completely Satisfied,Completely Satisfied,,,Completely Satisfied,Completely Satisfied,,,,,Completely Satisfied,Completely Satisfied,,,45,42
1/10/18 15:55,1/10/18 15:57,IP Address,65.112.8.131,100,89,TRUE,1/10/18 15:57,R_22xFvP1Aqq6AegU,,,,,42.35820007,-71.05069733,anonymous,EN,Degree-program student,Moderately Satisfied,Moderately Satisfied,Working through issues together ,,Very Useful,Very Useful,,,Moderately Satisfied,Moderately Satisfied,,,Moderately Satisfied,Moderately Satisfied,,,Energising ,,Completely Satisfied,Completely Satisfied,,,46,46
1/10/18 15:54,1/10/18 15:57,IP Address,67.134.206.41,100,189,TRUE,1/10/18 15:57,R_ZlAVG5DkoK64reh,,,,,42.38000488,-71.13289642,anonymous,EN,Practitioner,Completely Satisfied,Completely Satisfied,We stayed on task and were not side-railed. We used our time efficiently.,Nothing. It was well structured.,,,N/A,N/A,Completely Satisfied,Completely Satisfied,The protocols that were introduced that can be brought back to our schools.,N/A,Completely Satisfied,Completely Satisfied,This activity made me think about how to frame an LCP.,More time to craft the LCP.,Fun and was able to move around.,,Completely Satisfied,Completely Satisfied,Using the matrix to identify where statements land.,N/A,46,46
1/10/18 15:55,1/10/18 15:57,IP Address,67.134.206.47,100,119,TRUE,1/10/18 15:57,R_1X4byuh2solaGIh,,,,,42.38000488,-71.13289642,anonymous,EN,Practitioner,Completely Satisfied,Completely Satisfied,Love receiving feedback on our work.,,,,,,Completely Satisfied,Completely Satisfied,Having a chance to ground ourselves in the steps of the process.,,Moderately Satisfied,Completely Satisfied,,Math-focused vs. ELA-focused student work.,fun,,Completely Satisfied,Completely Satisfied,"Good to go over answers against the ""key.""",,46,46
1/10/18 15:54,1/10/18 15:57,IP Address,67.134.206.44,100,147,TRUE,1/10/18 15:57,R_1r3v4cGgIKIdFYR,,,,,42.38000488,-71.13289642,anonymous,EN,Teaching fellow,Completely Satisfied,Completely Satisfied,,,,,,,,,,,Completely Satisfied,Completely Satisfied,,Allowing enough time for everyone to read all of the student work so that the conversation is standardized and the appropriate context is shared.,,,Completely Satisfied,Completely Satisfied,,,46,43
1/10/18 15:55,1/10/18 15:57,IP Address,65.112.8.130,100,138,TRUE,1/10/18 15:57,R_3JCScxfvrZkG8w5,,,,,42.35820007,-71.05069733,anonymous,EN,Degree-program student,Completely Satisfied,Completely Satisfied,"Everyone chipped in to the meeting, and we took turns to take on different roles (e.g. facilitator, note-taker, timekeeper, etc.). ",More time to discuss and do the project!,,,,,Completely Satisfied,Completely Satisfied,I like it that feedback was incorporated into the course. ,NIL,Completely Satisfied,Completely Satisfied,I like it that sample work was shown to the team. ,NIL,It was fun and kept everyone alive and kicking!,NIL,Completely Satisfied,Completely Satisfied,The discussion on identifying which examples to go into which part of the matrix.,NIL,45,45
1/10/18 15:52,1/10/18 15:57,IP Address,67.134.206.40,100,273,TRUE,1/10/18 15:57,R_2UeVnp1JBBlkFb4,,,,,42.38000488,-71.13289642,anonymous,EN,Practitioner,Completely Satisfied,Completely Satisfied,great opportunity to get information to frame my consultancy dilemma,Not applicable,Very Useful,Very Useful,Comprehensive and direct,I am still feeling a bit confused about the timeline for the application versus the portfolio.,Completely Satisfied,Completely Satisfied,Unpacking some the challenges people had with parts of the equity presentation,"It almost felt like a ""heavy"" way to start the afternoon. ",Completely Satisfied,Completely Satisfied,"Challenging, and pushed me to think",Sometimes it's challenging for me when we do not narrow down to a model example or provide several other narrow examples. ,"Great facilitation and modeling, nice to celebrate one another",I've done this activity a few times already,Completely Satisfied,Completely Satisfied,Comprehensive,Not applicable,46,46
1/10/18 15:55,1/10/18 15:57,IP Address,65.112.8.133,100,89,TRUE,1/10/18 15:57,R_2Yy3WxVBKcnEVJj,,,,,42.35820007,-71.05069733,anonymous,EN,Degree-program student,Completely Satisfied,Moderately Satisfied,,,Very Useful,Moderately useful,,,Moderately Satisfied,Moderately Satisfied,,,Moderately Satisfied,Moderately Dissatisfied,,,,,Moderately Dissatisfied,Neurtal,,,43,43
1/10/18 15:54,1/10/18 15:57,IP Address,67.134.206.43,100,158,TRUE,1/10/18 15:57,R_3LccWbPK3htwQxT,,,,,42.38000488,-71.13289642,anonymous,EN,Practitioner,Completely Satisfied,Completely Satisfied,Independent work time,More time for independent work on journey and launch presentations,,,,,Completely Satisfied,Completely Satisfied,,,Completely Satisfied,Completely Satisfied,Had an epiphany and realized the data wise process can be executed a lot faster when leaders understand the process identifies and combats one problem at a time,,Engaged and energized participants,,Completely Satisfied,Completely Satisfied,,,46,46
1/10/18 15:54,1/10/18 15:57,IP Address,65.112.8.129,100,204,TRUE,1/10/18 15:57,R_3PMMJW1Z1STUUzN,,,,,42.35820007,-71.05069733,anonymous,EN,Degree-program student,Completely Satisfied,Completely Satisfied,"Although today's agenda was a bit more challenging because we were focused on interpreting the data, we were able to be very helpful, productive, and efficient with our time.",N/A,Very Useful,Very Useful,The details of the expectations were helpful along with the visuals.,N/A,Moderately Satisfied,Moderately Satisfied,"I was still a bit confused about the consultancy protocol, specifically in terms of what we need to come prepared with for Friday.",N/A,Completely Satisfied,Completely Satisfied,Activities were helpful.,N/A,It got us up and moving towards the end of the day.,N/A,Completely Satisfied,Completely Satisfied,"I liked the opportunity to get to know and talk with others in the room. Also, to be able to move around.",N/A,46,46
1/10/18 15:54,1/10/18 15:57,IP Address,65.112.8.143,100,169,TRUE,1/10/18 15:57,R_3iI3etzCW7WgRMw,,,,,42.35820007,-71.05069733,anonymous,EN,Degree-program student,Completely Satisfied,Completely Satisfied,We got a lot done,I think the syllabus could have suggested longer meetings. We went an hour over.,,,,,Completely Satisfied,Completely Satisfied,I appreciate the review at the start of each session,I'm just not super into dyad listening as an exercise.,Completely Satisfied,Completely Satisfied,Enough time,,Good energy,It feels a little childish,Completely Satisfied,Completely Satisfied,I liked meeting with a new person,,46,46
1/10/18 15:56,1/10/18 15:57,IP Address,65.112.8.143,100,101,TRUE,1/10/18 15:57,R_3PAIH9zsQFl6gne,,,,,42.35820007,-71.05069733,anonymous,EN,Degree-program student,Completely Satisfied,Completely Satisfied,My team is working really well together!,Start later - hard to get to campus by 9am.,Very Useful,Very Useful,I got a lot of good information about the datawise coaching certification process.,I would have appreciated knowing ahead of time that the datawise coaching certification is not able to be completed before graduation for degree students - I may not have gone to the session if I had known.,Completely Satisfied,Completely Satisfied,,,Completely Satisfied,Completely Satisfied,,,,I have done this activity before and have never enjoyed it.,Completely Satisfied,Completely Satisfied,,,46,46
1/10/18 15:52,1/10/18 15:57,IP Address,65.112.8.143,100,330,TRUE,1/10/18 15:57,R_1BVFldfaXQg96Bk,,,,,42.35820007,-71.05069733,anonymous,EN,Degree-program student,Completely Satisfied,Completely Satisfied,We were able to successfully discuss data for our context and create drafts of charts.,Nothing!,,,"Did not attend, but I am sure it was great!",N/A,Completely Satisfied,Completely Satisfied,Loved seeing how the group as a whole is doing with group norms.,Nothing!,Completely Satisfied,Completely Satisfied,Liked the opportunity to look at student work and know how to come up with a specific LCP.,Nothing!,So thankful for an interactive activity to get up and get re-energized! Thank you!,Nothing!,Completely Satisfied,Completely Satisfied,Very helpful to be objective in observation notes and to remind team that Data Wise observations are distinctly different!,N/A,46,46
1/10/18 15:55,1/10/18 15:58,IP Address,65.112.8.132,100,172,TRUE,1/10/18 15:58,R_2zexGaA5UAMFWJE,,,,,42.35820007,-71.05069733,anonymous,EN,Degree-program student,Neurtal,Moderately Satisfied,Got through covering a lot,Need more time. Still unclear about project objectives,Moderately useful,Moderately useful,,,Moderately Satisfied,Moderately Satisfied,Interesting session,Didn't learn anything concrete about Data Wise,Moderately Satisfied,Moderately Satisfied,Good case practice,Difficult to do as a non-english expert,WOKE ME UP,-,Moderately Satisfied,Moderately Satisfied,Matrix helped understanding,Need more specific application. Practice making own judgements,45,45
1/10/18 15:55,1/10/18 15:58,IP Address,65.112.8.137,100,161,TRUE,1/10/18 15:58,R_2YJvFYeZ6OSadMj,,,,,42.35820007,-71.05069733,anonymous,EN,Degree-program student,Completely Satisfied,Completely Satisfied,,,Very Useful,Very Useful,,,Completely Satisfied,Completely Satisfied,,,Completely Satisfied,Completely Satisfied,,,This was a great way to get everyone out of our seats and walking around in a friendly and safe environment.,,Completely Satisfied,Completely Satisfied,,I would have like to have time to discuss the observations we made of the teacher in the video.,45,45
1/10/18 15:55,1/10/18 15:58,IP Address,65.112.8.134,100,140,TRUE,1/10/18 15:58,R_1g0IXPTRA5k94io,,,,,42.35820007,-71.05069733,anonymous,EN,Degree-program student,Completely Satisfied,Completely Satisfied,Flexibility with focus on getting work done.,,Moderately useful,Very Useful,Good info,,Moderately Satisfied,Completely Satisfied,,,Completely Satisfied,Completely Satisfied,,,Got the blood flowing,Nothing - fun!,Completely Satisfied,Completely Satisfied,The video coupled with the actual examples of statements,"Try drafting a couple of your own statements, and with the partner put them on the chart.",45,46
1/10/18 15:53,1/10/18 15:58,IP Address,67.134.206.34,100,283,TRUE,1/10/18 15:58,R_3F3TwM0yRR6psgu,,,,,42.38000488,-71.13289642,anonymous,EN,Practitioner,Completely Satisfied,Completely Satisfied,We came together as a team.  The meeting flowed much better this time with all voices being heard.,I need more time to work on my journey presentation.,Very Useful,Very Useful,I am hoping to do this but have to check with my principal.,Nothing.,Completely Satisfied,Completely Satisfied,Interesting to look at the data from the project teams.,,Completely Satisfied,Completely Satisfied,I love hands on work particularly when we work as a team.,Nothing.,,I feel like we need to do a new activity.,Completely Satisfied,Completely Satisfied,I learn from looking at videos of others teaching.,Nothing.,46,46
1/10/18 15:54,1/10/18 15:58,IP Address,67.134.206.37,100,219,TRUE,1/10/18 15:58,R_2xSgQLmXsOZ2VN5,,,,,42.38000488,-71.13289642,anonymous,EN,Practitioner,Completely Satisfied,Completely Satisfied,Our team was very flexible to meet the needs of each team member. We took time to look ahead to aspects of our independent work that we might want clarification/feedback on.,,Very Useful,Very Useful,Great to get a sense of who this program might be best fit for as well as key elements that one would need to have in order to determine if they will pursue applying.,,Completely Satisfied,Completely Satisfied,Helpful to review what we've done and where we're going.,,Completely Satisfied,Completely Satisfied,It was great to get a sense of w,,Always an engaging way to energize the crowd.,,Completely Satisfied,Completely Satisfied,,,46,46
1/10/18 15:56,1/10/18 15:58,IP Address,67.134.206.46,100,110,TRUE,1/10/18 15:58,R_1I4s3q2kGMDsFJc,,,,,42.38000488,-71.13289642,anonymous,EN,Practitioner,Completely Satisfied,Completely Satisfied,,,Very Useful,Very Useful,,,Completely Satisfied,Completely Satisfied,,,Completely Satisfied,Completely Satisfied,,,FUN FUN FUN. I will be incorporating this activity when I facilitate PD's and in the classroom. ,,Completely Satisfied,Completely Satisfied,,,46,46
1/10/18 15:55,1/10/18 15:58,IP Address,65.112.8.135,100,175,TRUE,1/10/18 15:58,R_3m8M2Lm0f7hiDz7,,,,,42.35820007,-71.05069733,anonymous,EN,Degree-program student,Completely Satisfied,Moderately Satisfied,Creating the data charts ,More time ,,,,,Completely Satisfied,Completely Satisfied,I liked being able to debrief the speaker yesterday. ,,Moderately Satisfied,Moderately Satisfied,Looking at real data and collaborating around student centered problem ,Too much time creating student centered problem / debating --&gt; more help getting it to be specific/narrow enough ,FUN! Energizing ,,Completely Satisfied,Completely Satisfied,How to make observation notes in nonjudgmental way ,,45,45
1/10/18 15:55,1/10/18 15:58,IP Address,67.134.206.3,100,189,TRUE,1/10/18 15:58,R_rrlIee3U0e03qwh,,,,,42.38000488,-71.13289642,anonymous,EN,Practitioner,Completely Satisfied,Completely Satisfied,Instruction and collaboration ,Nothing,Very Useful,Very Useful,Explanation ,Nothing,Completely Satisfied,Completely Satisfied,Instruction and opportunity to collaborate ,Nothing ,Completely Satisfied,Completely Satisfied,Instruction and collaboration ,Nothing,Opportunity to interact with colleagues and meet new people.,Nothing,Completely Satisfied,Completely Satisfied,Instruction and activities,Nothing ,46,46
1/10/18 15:55,1/10/18 15:58,IP Address,67.134.206.41,100,190,TRUE,1/10/18 15:58,R_WDwAzsUJdkWzIEV,,,,,42.38000488,-71.13289642,anonymous,EN,Practitioner,Completely Satisfied,Moderately Satisfied,Analyzing the data,We were not able to get through all of our objectives and will need to meet for an additional hour tonight.,,,,,Completely Satisfied,Completely Satisfied,,,Moderately Satisfied,Moderately Satisfied,Having data and the opportunity to work through the swoosh.,"If you were not familiar with the content, it was challenging to analyze the writing and not have common language.",loved,nothing,Completely Satisfied,Completely Satisfied,,,46,46
1/10/18 15:55,1/10/18 15:59,IP Address,65.112.8.134,100,218,TRUE,1/10/18 15:59,R_1GCGBBlgnkmVdFo,,,,,42.35820007,-71.05069733,anonymous,EN,Degree-program student,Completely Satisfied,Completely Satisfied,We were able to clarify some confusion as a group while continuing to stay on track. I really appreciate how the team work is going. ,,,,,I think there should be build in TF time - I want to hear William's feedback but want that time to be pre-built into our agenda. ,Completely Satisfied,Completely Satisfied,I greatly appreciated Kathy reflecting on the equity speaker. I think the questions that Kathy brought up were incredibly important. ,,Neurtal,Neurtal,,It was really challenging that we all looked at different writing and I think that got in the the way of my team learning how to write a problem statement. ,,,,,,,43,43
1/10/18 15:56,1/10/18 15:59,IP Address,67.134.206.40,100,136,TRUE,1/10/18 15:59,R_AzXjHpgFMa0eLjX,,,,,42.38000488,-71.13289642,anonymous,EN,Teaching fellow,,,Independent work time,NA,,,NA,NA,,,Discussing consultancy protocol,NA,,,"Engaging, hands-on activity",NA,Fun,NA,,,Working with someone else from the group,NA,,
1/10/18 15:55,1/10/18 15:59,IP Address,67.134.206.43,100,225,TRUE,1/10/18 15:59,R_28AuBtilTewhh2o,,,,,42.38000488,-71.13289642,anonymous,EN,Practitioner,Completely Satisfied,Completely Satisfied,We are well aware of our challenges and are eager to use our norms to better communicate the need for change.,"Really enjoy the spirit and expertise of our TF, however it feels like the time is slightly micro-managed. Not sure if that is the intent.",,,,,Neurtal,Neurtal,,,Moderately Satisfied,Moderately Satisfied,,,energizing and change of pace,,Moderately Satisfied,Moderately Satisfied,,,45,43
1/10/18 15:57,1/10/18 15:59,IP Address,67.134.206.35,100,109,TRUE,1/10/18 15:59,R_30veFEIyQNIqpBG,,,,,42.38000488,-71.13289642,anonymous,EN,Practitioner,Completely Satisfied,Completely Satisfied,Everything,Nothing,Very Useful,Very Useful,,,Completely Satisfied,Completely Satisfied,,,Completely Satisfied,Completely Satisfied,,,Great activity for building collaboration.,,Completely Satisfied,Completely Satisfied,,,46,46
1/10/18 15:54,1/10/18 15:59,IP Address,67.134.206.45,100,265,TRUE,1/10/18 15:59,R_3snB91rFdi5kiOH,,,,,42.38000488,-71.13289642,anonymous,EN,Practitioner,Completely Satisfied,Completely Satisfied,Time to work on the deliverables was valuable.  We are certainly getting assistance and ideas we can use with each other.,,,,,,Completely Satisfied,Completely Satisfied,It was quite relieving to listen to someone who had a similar issue that they needed to get out into the atmosphere and to here some of the things they have tried to solve the problem.,,Completely Satisfied,Completely Satisfied,,,It was fun for me because it was my first time playing the game.,,Completely Satisfied,Completely Satisfied,,,46,46
1/10/18 15:54,1/10/18 15:59,IP Address,67.134.206.44,100,273,TRUE,1/10/18 15:59,R_3fpyHf9cQPRJKeQ,,,,,42.38000488,-71.13289642,anonymous,EN,Practitioner,Completely Satisfied,Completely Satisfied,Working with the team to look at our journey presentations and gathering ideas ,More time to do independent work,Very Useful,Very Useful,,,Completely Satisfied,Completely Satisfied,,,Completely Satisfied,Completely Satisfied,Looking at the student samples was really helpful and being able to bounce ideas around with the team ,More time for each of us to read each sample because it was not enough time to look at the work and understand what each person was doing.,It was fun and engaging and got my blood flowing ,Not a thing ,Completely Satisfied,Completely Satisfied,Being able to sit with someone who is not on my team to do this work ,,46,46
1/10/18 15:54,1/10/18 15:59,IP Address,67.134.206.33,100,293,TRUE,1/10/18 15:59,R_3IcL5tu1DSmjU3f,,,,,42.38000488,-71.13289642,anonymous,EN,Practitioner,Completely Satisfied,Completely Satisfied,Very productive worktime with my team. ,Nothing,,,,,Moderately Satisfied,Moderately Satisfied,,,Completely Satisfied,Moderately Satisfied,The complexity of the tasks; allowed for a lot of respectful and productive disagreement. ,I've been working on datawise and have been through up to step 4. It was not new information for me to see what makes a good LCP.,It was fun and changed the pacing of the activity.,Nothing. ,Moderately Satisfied,Completely Satisfied,Clearly designed rubric. Examples that allow for discussion.,Nothing.,45,46
1/10/18 15:54,1/10/18 15:59,IP Address,65.112.8.138,100,283,TRUE,1/10/18 15:59,R_29n48v9NgnPzzUt,,,,,42.35820007,-71.05069733,anonymous,EN,Degree-program student,Completely Satisfied,Completely Satisfied,We were able to use the protocol and our common understanding to be productive on deciding our chart. ,,,,,,Neurtal,Completely Satisfied,I enjoyed dyad listening and honesty about the session. ,I would have liked the chance to debrief w my table about that session specifically. ,Completely Satisfied,Completely Satisfied,I LOVE looking at student work and the idea of the learner-centered problem.  I thought the debate about asset vs. strength was very productive and clarified how we can use asset based thinking not just to remind ourselves of students' strengths but also to plan instruction. ,Opportunity for each team to receive feedback on their learner-centered problem.,"I have no idea, it's just always really fun and works to get the energy up.  Always finish this activity with a huge smile. ",,Completely Satisfied,Completely Satisfied,The activity was useful in defining objectivity and specificity ,"More clarity about how examining instruction in a specific-objective way helps us to create an action plan. I know it's good, but I don't really know why. ",42,42
1/10/18 15:58,1/10/18 15:59,IP Address,65.112.8.139,100,89,TRUE,1/10/18 15:59,R_1kUIJQ76Mc82kHl,,,,,42.35820007,-71.05069733,anonymous,EN,Degree-program student,Completely Satisfied,Completely Satisfied,"Collaboration, brainstorming ideas together",Could have been more focussed about the work and tasks done.,,,,,Moderately Satisfied,Moderately Satisfied,,,Moderately Satisfied,Moderately Satisfied,Opportunity to practice and analyze,,,,Moderately Satisfied,Moderately Satisfied,,,45,45
1/10/18 15:54,1/10/18 15:59,IP Address,65.112.8.141,100,295,TRUE,1/10/18 15:59,R_1GNduwP6ou4yO5f,,,,,42.35820007,-71.05069733,anonymous,EN,Degree-program student,Moderately Satisfied,Moderately Satisfied,"Pre-work was key, and facilitator adjusted agenda to meet needs of group.",Looking at drafts of each member's pre-work prior to meeting,Moderately useful,Moderately useful,Good information,I was a little confused because of the different paths for people with different backgrounds and roles- maybe a handout to clarify?,Moderately Satisfied,Moderately Satisfied,I appreciated Kathy's reflection on the equity speaker- great content and modeling.,I thought adaptive and technical challenges were still confusing to a lot of people- I know the participants at my table were confused. They thought if adapting something meant you were addressing an adaptive challenge.,Moderately Satisfied,Moderately Satisfied,Liked the hands-on nature,Some confusion with wording. Shouldn't focus area be a consideration during evaluating a learner-centered problem?  I didn't feel like this was discussed- just the checklist.,Helped raise energy level.,,Completely Satisfied,Completely Satisfied,"Clear, concise and easy to follow",,45,43
1/10/18 15:54,1/10/18 15:59,IP Address,67.134.206.43,100,317,TRUE,1/10/18 15:59,R_1rom7UFMeyr6rZM,,,,,42.38000488,-71.13289642,anonymous,EN,Practitioner,Moderately Satisfied,Moderately Satisfied,Members of the group purposely followed the Data Wise meeting expectations and agenda.,,,,,,Completely Satisfied,Completely Satisfied,The dyad protocol helped me to become present in this session.,,Completely Satisfied,Completely Satisfied,,,"Although tentative at first, this activity was energizing and effectively illustrated alignment to Data Wise in a number of ways.",,Completely Satisfied,Completely Satisfied,,,46,45
1/10/18 15:57,1/10/18 15:59,IP Address,67.134.206.38,100,144,TRUE,1/10/18 15:59,R_TjhzhVplIxrXaVP,,,,,42.38000488,-71.13289642,anonymous,EN,Practitioner,Completely Satisfied,Completely Satisfied,Rob helping us with our agenda to stay within our rime limits,Nothing,,,,,Completely Satisfied,Completely Satisfied,People appeared to be thoughtful about their feedback,Nothing,Completely Satisfied,Completely Satisfied,The collaboration and the use of the exemplar,Nothing,People's energy levels,Nothing,Completely Satisfied,Completely Satisfied,The use of the exemplar,Nothing,46,46
1/10/18 15:54,1/10/18 15:59,IP Address,67.134.206.41,100,322,TRUE,1/10/18 15:59,R_1f6OT3DE1iOwpWD,,,,,42.38000488,-71.13289642,anonymous,EN,Practitioner,Completely Satisfied,Completely Satisfied,Looking at Data and trends.  Time working with my professional group,,,,,,Completely Satisfied,Completely Satisfied,,,Moderately Satisfied,Moderately Satisfied,,"Looking at one piece of data as a sample for writing as a team at first.  As a Primary Teacher, I was not completely sure what the priority question meant and interpreted it differently.",Getting up and moving around the room.  Can take directly to classroom and work environment.,,Completely Satisfied,Completely Satisfied,Nice to see and refine the importance of being specific and grounding in evidence.,,46,46
1/10/18 15:55,1/10/18 15:59,IP Address,67.134.206.33,100,265,TRUE,1/10/18 15:59,R_1eE2lraxTYfrnBx,,,,,42.38000488,-71.13289642,anonymous,EN,Practitioner,Completely Satisfied,Completely Satisfied,We were able to get the first 2 ppt.'s completed and we were able to review for our protocol on Friday.,,,,,,Completely Satisfied,Completely Satisfied,I enjoyed the dyad listening protocol. It allowed me to speak without being interrupted and I was able to really listen to the speaker when I wasn't allowed to give feedback.,,Completely Satisfied,Completely Satisfied,I liked being able to dig into the data with my table.  Hearing different perspectives help me dig deeper into the data.,,This was a fun activity that got us moving and I feel that I can use this in my classroom!,,Completely Satisfied,Completely Satisfied,I enjoyed looking at the matrix because it helped me reflect on observations that I have made on other teachers and how some of my comments might have been too general and specific.,,46,46
1/10/18 15:54,1/10/18 16:00,IP Address,67.134.206.42,100,341,TRUE,1/10/18 16:00,R_1NzeTzPKzI8d5mE,,,,,42.38000488,-71.13289642,anonymous,EN,Practitioner,Completely Satisfied,Completely Satisfied,Working hard to follow norms.,,Very Useful,Very Useful,The information shared helped clarify the components of the program,It would have been nice to hear from a student in the program.,Completely Satisfied,Completely Satisfied,"Wow, you modeled how to get a lot of learning into a short amount of time.",,Completely Satisfied,Completely Satisfied,"Working in a team, sharing out, and hearing the coaching advice.",,,,Completely Satisfied,Completely Satisfied,Having an opportunity to practice the skill.,,46,46
1/10/18 15:54,1/10/18 16:00,IP Address,67.134.206.37,100,333,TRUE,1/10/18 16:00,R_badSAdEdps3Lw7T,,,,,42.38000488,-71.13289642,anonymous,EN,Practitioner,Completely Satisfied,Completely Satisfied,"We were able to complete a lot, but still need to complete our graphic design and could have benefited from more time. ",A little more time,,,,,Moderately Satisfied,Moderately Satisfied,Liked the dyad listening,A little too long,Completely Satisfied,Moderately Satisfied,Discussing our notices and wonders,I would have liked each group to only look at one sample of writing and more thoroughly looking at what each person noticed and wondered.,Fun & engaging way to get us up and moving and supporting each other,,Completely Satisfied,Completely Satisfied,Made me think and reflect on the language we use and how it can portray our judgements,,46,46
1/10/18 15:56,1/10/18 16:00,IP Address,65.112.8.131,100,271,TRUE,1/10/18 16:00,R_21AKbtaiNF0lQh6,,,,,42.35820007,-71.05069733,anonymous,EN,Degree-program student,Moderately Satisfied,Moderately Satisfied,The agenda and norms were very helpful.,,Very Useful,Very Useful,Informative,,Completely Satisfied,Moderately Satisfied,I really appreciated Kathy circling back to the guest speaker; particularly calling out the increased challenges in different contexts.,,Completely Satisfied,Moderately Satisfied,The examples were highly useful.  ,The transitions between facilitators are feeling increasingly awkward.  ,It got people up and moving.,It felt somewhat artificial and contrived.  ,Completely Satisfied,Completely Satisfied,,,45,45
1/10/18 15:56,1/10/18 16:00,IP Address,67.134.206.46,100,276,TRUE,1/10/18 16:00,R_1EUocSE3oIZhdg5,,,,,42.38000488,-71.13289642,anonymous,EN,Practitioner,Completely Satisfied,Completely Satisfied,Working on my schools journey ,Nothing,Very Useful,Very Useful,.,nothing,Completely Satisfied,Completely Satisfied,.,nothing,Completely Satisfied,Completely Satisfied,better understanding of the process,"different cases to study, norming with one case then doing different cases after",interaction with others,nothing,Completely Satisfied,Completely Satisfied,better understanding of the process,nothing,46,46
1/10/18 15:55,1/10/18 16:01,IP Address,67.134.206.42,100,325,TRUE,1/10/18 16:01,R_2TGGW2bKFq5I0sf,,,,,42.38000488,-71.13289642,anonymous,EN,Practitioner,Moderately Satisfied,Moderately Satisfied,Rob Wessman support.,Time to work with our team.,,,,,Completely Satisfied,Moderately Satisfied,Collaborative work with case team.,Pace of instruction and time allocated for hands on activities.,Moderately Satisfied,Moderately Satisfied,Collaborative work with Case Team and TF suppot.,ELA information provided ,Fun and timely!,I wanted to win!,Completely Satisfied,Moderately Satisfied,Collaboration,More examples to work on with team.,45,45
1/10/18 15:56,1/10/18 16:01,IP Address,65.112.8.130,100,281,TRUE,1/10/18 16:01,R_RfRd821nawBEH6N,,,,,42.35820007,-71.05069733,anonymous,EN,Teaching fellow,,,,,,,,,Completely Satisfied,Completely Satisfied,I appreciated the explanation and the use of building a house to exemplify adaptive vs technical challenges.,None.,Moderately Satisfied,Moderately Satisfied,,,Exciting!,None.,Moderately Satisfied,Neurtal,Watching the video and using the chart fo model specific and descriptive.,"It would interesting to see the input from the entire participants mapped on the board.  Maybe use clickers, Google Form, or a slido phone app to display results.  ",45,45
1/10/18 15:55,1/10/18 16:01,IP Address,67.134.206.34,100,349,TRUE,1/10/18 16:01,R_xeZWtNqwQw1eev7,,,,,42.38000488,-71.13289642,anonymous,EN,Practitioner,Moderately Satisfied,Moderately Satisfied,Time to work as needed,N/A,,,,,Completely Satisfied,Completely Satisfied,It was nice addressing issues and observations that came to mind from the facilitator and knowing that these things were taken into account.,N/A,Completely Satisfied,Moderately Satisfied,It was nice to dig through some information and grapple with how to make observations and create a learner-centered problem,"A little bit more time would have been useful -- however, I know that time was cut out in order to address the group's feedback.","No one had a problem with ""Being here now"", fun way to re-energize the group!",N/A,Completely Satisfied,Completely Satisfied,"Knowing that this would be a difficult phase of the spiral in the school, it was nice to not only go through the matrix, but also be able to bring it back with an activity to help other teachers understand the kinds of observations that ill need to be made for successful collection of data.",N/A,46,46
1/10/18 15:56,1/10/18 16:01,IP Address,67.134.206.45,100,317,TRUE,1/10/18 16:01,R_2zwsWyFI15OvqQw,,,,,42.38000488,-71.13289642,anonymous,EN,Practitioner,Completely Satisfied,Completely Satisfied,I liked that as a group we were going through the cycle and using that information for the project.,,,,,,Completely Satisfied,Completely Satisfied,The review just gave a feed back of what we covered.,N/A,Completely Satisfied,Completely Satisfied,I liked the feed back we gave as a group because we were sharing different perspectives. ,,Great way to get people to move around.,,Completely Satisfied,Completely Satisfied,,,46,46
1/10/18 15:55,1/10/18 16:01,IP Address,67.134.206.43,100,380,TRUE,1/10/18 16:01,R_2uJNVBE8ScPgYXn,,,,,42.38000488,-71.13289642,anonymous,EN,Practitioner,Completely Satisfied,Completely Satisfied,Being about to work independently and check in with our teams for another lense.,,Very Useful,Very Useful,Going over he criteria for being a coach.,,Completely Satisfied,Completely Satisfied,Always a good opportunity to reflect as a team and share new learnings and insights.,,Completely Satisfied,Completely Satisfied,"As a leader of this work, being able to go through this process with a new set of ideas, helps to confirm and gain insights around looking at students work and identifying a learning-centered problem.",,a chance to stretch.,,Completely Satisfied,Completely Satisfied,Helps to focus your lense on what to look at when conducting classroom observations.  Can't wait to use this strategy with the team back at school.,,46,46
1/10/18 15:54,1/10/18 16:02,IP Address,67.134.206.45,100,469,TRUE,1/10/18 16:02,R_3fOY4jkQJMqSCtq,,,,,42.38000488,-71.13289642,anonymous,EN,Practitioner,Completely Satisfied,Completely Satisfied,A great deal was accomplished in terms of our individual work and having everyone's input is tremendously helpful.,I would love to have even more time.,,,,,Completely Satisfied,Completely Satisfied,The dyad listening protocol was a good way to get into the right frame of mind for the afternoon by clearing your head.,"It would be helpful to have a bit more information on the consultancies, such as what some examples of dilemmas.",Completely Satisfied,Completely Satisfied,It was helpful to actually engage with the student work and craft a learner-centered problem organically.,A bit more time to would have been helpful to give people to look at more than one piece of student work. It felt a bit disjointed without having more examples to build consensus about an appropriate learner-centered problem.,It got everyone up.,I personally would like to see a different activity to re-energize the afternoon session as I have seen this one several times.,Completely Satisfied,Completely Satisfied,It is always helpful to review the matrix to ensure we are staying low on the ladder.,It might have been helpful to actually look at some of the notes we took as a group and place them on the matrix.,46,46
1/10/18 15:54,1/10/18 16:03,IP Address,67.134.206.41,100,528,TRUE,1/10/18 16:03,R_2Tw24LVqLPiqdJm,,,,,42.38000488,-71.13289642,anonymous,EN,Practitioner,Completely Satisfied,Completely Satisfied,Collaborative Work,,Very Useful,Very Useful,I received information about becoming a coach and will have a little time to see if this is realistic for me.,,Completely Satisfied,Completely Satisfied,I loved the Dyad because it gave me the opportunity to just listen to one another.,,Completely Satisfied,Completely Satisfied,I liked working with my team =. This was a very difficult task and they helped me to navigate through it without judgement.,"I would have loved for our team to have the opportunity to actually review the student samples together instead of individually. However, this struggle was good as a team.",Loosening everyone up.,Nothing.,Completely Satisfied,Completely Satisfied,Gave us an opportunity to practice intervisitation,,46,45
1/10/18 15:55,1/10/18 16:03,IP Address,65.112.8.141,100,527,TRUE,1/10/18 16:03,R_1lv50KP2RhTogxR,,,,,42.35820007,-71.05069733,anonymous,EN,Degree-program student,Completely Satisfied,Moderately Satisfied,,,,,,,Moderately Dissatisfied,Moderately Dissatisfied,,"Felt like a lot of 'trying to respond to make people feel good' rather than 'get to the substantive meat and push the quality of people's engagement in that meat. The feedback from the Superintendent's session was almost universally positive, but time was spent meta-critiquing the presentation to respond to potential negative reactions (that weren't actually really voiced in the survey feedback). ",Completely Satisfied,Moderately Satisfied,"rob's moment where he said 'this a common pitfall of groups coming up with learner-centered problem: they add multiple things to the statement to avoid having to say no to people's ideas.""   these kinds of examples of ""in our experience, here's how this commonly goes wrong"" or ""here's what our coaches think are key moves to make this go well"" are extremely helpful.","what i really find myself wanting are a bunch of videos of teachers/staffs doing the various steps and a coach's commentary.  eg, here's an example of a group that came up with a student problem that was far too general. notice x, y, and z moments in the meeting that led to that.   or   here's an example of a group that really nailed down a quality problem. they did a, b, and c in the meeting (that you can see at timestamps e, f, and g in the video) that helped them get there.",,,Moderately Satisfied,Moderately Satisfied,,"seemed a little bit like a rabbit hole. eg - how to make observation and feedback better.  that's a huge topic. clearly an important part of successful data wise implementation, but hard to really get deeply into in a short session. would've liked more work on 'what are good and bad examples of problems.'",43,
1/10/18 16:01,1/10/18 16:04,IP Address,65.112.8.133,100,189,TRUE,1/10/18 16:04,R_WkOGjeyIpZ7LdHH,,,,,42.35820007,-71.05069733,anonymous,EN,Degree-program student,Moderately Satisfied,Moderately Satisfied,,I think it might be helpful to build in a feedback on facilitation or co-creation to support skillsets.  People are at very different developmental levels with this practice currently. ,Very Useful,Very Useful,Good info.,No round table intro (too long without focus response or modeling answer).,Moderately Satisfied,Completely Satisfied,,,Moderately Satisfied,Moderately Satisfied,,,,It seemed random.  Very abrupt initial transition. ,Completely Satisfied,Completely Satisfied,,,42,43
1/10/18 15:58,1/10/18 16:04,IP Address,65.112.8.140,100,373,TRUE,1/10/18 16:04,R_byI8N86KkV9n9v3,,,,,42.35820007,-71.05069733,anonymous,EN,Degree-program student,Completely Satisfied,Completely Satisfied,"Individuals completed their assigned tasks, which facilitated a fruitful conversation",Inventory of data-literacy of teammates could have enabled us to be more focused in supporting one another ,,,,,Completely Satisfied,Completely Satisfied,I appreciated that feedback from yesterday's equity session was addressed,N/A,Completely Satisfied,Moderately Satisfied,Artifacts provided an additional source of data to practice examining,More time!,Energy!,Nothing!,Completely Satisfied,Moderately Satisfied,Partner work with new member,Didn't give opportunity to evaluate statements recorded from video against the matrix,45,43
1/10/18 15:56,1/10/18 16:04,IP Address,67.134.206.37,100,506,TRUE,1/10/18 16:04,R_3MSBsd9RdJ76SiH,,,,,42.38000488,-71.13289642,anonymous,EN,Practitioner,Completely Satisfied,Completely Satisfied,"Working independently to do Journey Presentation, however still having your team as support","Although the protocols require you to stick to a time frame, sometimes the time frame limit the amount of great thinking and feedback that you could do.",Very Useful,Very Useful,I enjoyed hearing what each member of the Aspiring Data Wise Coaches was  trying to achieve in their work.,More clarity around how the year long process looks even if you are already submerged in the process at your school.,Completely Satisfied,Completely Satisfied,"The Dyad Listening strategy, I will take back to my school",More information about technical and adaptive challenges in regards to our Data Wise work in our school.,Completely Satisfied,Completely Satisfied,Working with other members to come up with Learner Centered Problem,,This was so amazing,A prize for both winners.,Completely Satisfied,Completely Satisfied,Seeing a video and actually doing the work,,46,46
1/10/18 15:58,1/10/18 16:05,IP Address,67.134.206.40,100,436,TRUE,1/10/18 16:05,R_9XgWesf6MBiIubv,,,,,42.38000488,-71.13289642,anonymous,EN,Teaching fellow,Completely Satisfied,Completely Satisfied,,,,,,,Completely Satisfied,Completely Satisfied,Using dyads to allow participants to work out issues related to Price's presentation,,Moderately Satisfied,Moderately Satisfied,,"Not enough time to review the student work. directions about what to look for should have been given. Participants were unclear about how to use the rubric to evaluate the work. In fact, they did not need the rubric per se, they needed to use the PQ to guide their student work analysis. 
The asset conversation could have been solved by emphasizing that the asset should be related to the PQ, just like the rest of the LCP statement. ",fun,cheaters,Moderately Satisfied,Moderately Satisfied,,"participants need to practice how to make statements that are non-judgemental and specific.
",45,43
1/10/18 15:55,1/10/18 16:05,IP Address,65.112.8.139,100,600,TRUE,1/10/18 16:05,R_3jVVVDN3qrnW988,,,,,42.35820007,-71.05069733,anonymous,EN,Degree-program student,Completely Satisfied,Moderately Satisfied,We were very productive and very thankful for the effort that everyone put in last night. ,"We should have started to create our data for step 3 before thinking about step 1 and 2.  Because step 1 is so important to our school, we focused a lot of this and didn't have enough time to really discuss the data (although we did follow the agenda). ",Very Useful,Moderately useful,It was clear on what the next steps would be if you are interested in becoming a coach. ,Hearing from everyone in the room on why they were interested in Data Wise coaching took up about 1/2 this session.  This was great but would have been great to have more time for questions at the end. ,Completely Satisfied,Completely Satisfied,I really enjoyed hearing the transparency from Kathy around Jen from yesterday.  It was great to hear her reflection on how she invited Jen while also hearing what she would do differently next time. ,I am still a little confused on the purpose of Friday consultancies being so late in the week if our project is due on Tuesday and we don't necessarily have team meetings afterwards. ,Completely Satisfied,Moderately Satisfied,"It was great to learn how difficult it is to identify a learner-centered problem.  I also learned how specific it should be, which was very helpful. ","As someone who is not an English teacher, it was very difficult to look at high school English papers and really understand the learner-centered data.  ",It was a great motivator.  Something I will think about using in my own professional development sessions. ,Nothing. ,Completely Satisfied,Completely Satisfied,This process is something I could use to teach teachers how to observe teachers. ,I have done a lot of this work already but it was great to have everyone on the same page about how to perform an observation.  ,46,45
1/10/18 15:56,1/10/18 16:09,IP Address,67.134.206.44,100,766,TRUE,1/10/18 16:09,R_3dTi5eKG9fKKr0V,,,,,42.38000488,-71.13289642,anonymous,EN,Practitioner,Moderately Satisfied,Moderately Satisfied,Team was able to focus on data,Clarity on steps,Very Useful,Very Useful,Presentation was clear in both process and purpose.,"Perhaps, we could be tighter with the introductions and allow more time for discussion. ",Moderately Satisfied,Moderately Satisfied,Consistently referring back to feedback makes it feel worthwhile. ,"Perhaps, more discussion on strategies when norms are not followed. ",Moderately Satisfied,Moderately Satisfied,Collaboration with team,Time to access common data. ,Fun and quick. ,I would have liked to win. Still regretting the last scissors play I chose. Gutsy move going with rock . . .,Completely Satisfied,Completely Satisfied,I loved the rubric and the opportunity to meet someone new. ,"As always, more time. ",43,45
1/10/18 15:58,1/10/18 16:10,IP Address,67.134.206.43,100,719,TRUE,1/10/18 16:10,R_2YfW5spPj4eOpap,,,,,42.38000488,-71.13289642,anonymous,EN,Degree-program student,Completely Satisfied,Completely Satisfied,Group collaboration and getting things done,"My organization on the schedule, I could have built fewer objectives as a facilitator.",Very Useful,Very Useful,Overview of the program,Some printed material or offering to share the slides,Moderately Satisfied,Completely Satisfied,Dynamic interventions,Too many activities during a short period of time,Completely Satisfied,Completely Satisfied,"Really ""brain-breaking"", in a good way, very challenging",Maybe some colleague suggestion of everybody reading the same text,Energy in the room,"Maybe it did not come in an apropriate time. We were very concentrated in the Learner Center Problem, then we changed to the game. I felt a little surprised or disconnected.",Completely Satisfied,Completely Satisfied,"Really important before the homework task,",Nothing,46,45
1/10/18 15:55,1/10/18 16:10,IP Address,67.134.206.35,100,882,TRUE,1/10/18 16:10,R_1KkF509tJaEzUdb,,,,,42.38000488,-71.13289642,anonymous,EN,Teaching fellow,,,Loved the gallery walk that we did. I really like that we planned time to bring the whole NYC group together at certain points throughout the week. ,"Perhaps since we now framed the consultancy protocol for them, we can use the share time within our project groups for them to get feedback on the dilemma they are planning to present. ",,,,,,,Kathy's honesty about her reactions to the Jen Price presentation. ,Nothing!,,,As a TF I always like sitting in on noticing/wondering protocols because I feel like I can really do some great coaching around low-inference statements. ,I think a lot of people would have liked to only have 2 or 3 total pieces of artifacts to ensure that everyone is looking at the same thing. ,Lots of smiling faces. ,Nothing!,,,The partnering up with folks outside of your table. ,"A little more clarity on why taking a transcript would be beneficial. Someone in my case group said, ""If I was the one being observed, a transcript of what I said wouldn't be useful to me.""",,
1/10/18 15:56,1/10/18 16:10,IP Address,65.112.8.130,100,856,TRUE,1/10/18 16:10,R_1NwRq8wB73zHoOn,,,,,42.35820007,-71.05069733,anonymous,EN,Degree-program student,Completely Satisfied,Moderately Satisfied,review of plus-deltas and objectives before the meeting's start; worktime in small groups to progress on project.,Clarifying jargon used within context before diving into data.,,,,,Completely Satisfied,Completely Satisfied,,"Great example of a data chart drawing on survey responses!
Loved the dyad listening protocol in practice at the start of the session.  ",Completely Satisfied,Neurtal,,We received four student responses and four distinct tasks and were asked to find a common learner centered problem among them.  Could we receive one text to work from as we alll,,,Completely Satisfied,Completely Satisfied,Opportunity to meet others and the statements provided clear examples of how to be specific and descriptive.,,46,45
1/10/18 15:56,1/10/18 16:10,IP Address,67.134.206.43,100,861,TRUE,1/10/18 16:10,R_1CxuGtf47SURO5z,,,,,42.38000488,-71.13289642,anonymous,EN,Practitioner,Completely Satisfied,Completely Satisfied,moving forward wiht the project and having meaningful conversations ,more time,Very Useful,Moderately useful,infomrative and know the next steps ,felt rushed and I am not sure how to get questions specific to me ansered ,Moderately Satisfied,Moderately Satisfied,,,Completely Satisfied,Moderately Satisfied,working with my table group ,"more explanation about where and how to develop a problem of practice that is specific enough to look at teacher practice but general enough to apply to a class, grade-band, school...",got up and boost of energy ,"heard another participant say ""I am not competative ",Neurtal,Neurtal,,done exact exercise before. I furthered my learning by talking to someone new about it,45,45
1/10/18 15:57,1/10/18 16:13,IP Address,67.134.206.36,100,957,TRUE,1/10/18 16:13,R_1LZL5LUTqFvu9il,,,,,42.38000488,-71.13289642,anonymous,EN,Teaching fellow,Completely Satisfied,Completely Satisfied,My project team worked on their journey presentation and we were able to adjust the agenda as needed. The gallery walk with the obstacles was also awesome. ,I want the project teams to maybe discuss whole group the memo. My team wanted time to discuss it. I spoke to them but they still had clarifying questions. Program teams should probably continue to conversation about technical v. adaptive challenge. ,,,,,Completely Satisfied,Completely Satisfied,"The adaptive v. technical challenge. I think people really appreciated the transparent talk about the speaker, this doesn't happen in a lot of spaces. Dyads were good.",nothing,Completely Satisfied,Completely Satisfied,Looking at actual student work. ,"1. The asset based conversation in the afternoon as we looked at LCPs. identifying what students can do is part of an asset based stance. 
2. I also think it is worthwhile to have a discussion about how sometimes people choose to frame an LCP that sort of pre-supposes the solution. 
3. I know we want to honor the break time, but we didn't need the break when we had it. We could have developed the collaborative LCP and then took a break. Even though we had an energizer I struggled to flow straight into step 5. ",A New Yorker won! :-),nothing,Completely Satisfied,Completely Satisfied,I love this. I often find that people who have been trained as evaluators tend to jump to specific and judgemental with their notes because that is what they rely on with observations. Teachers on intervisits rarely get to that place. I think you all did a good job of showing how that might look in a different context. ,"nothing but when you have an audience with a lot of administrators I would mention the above part. Bring back poll everywhere
",46,46
1/10/18 15:17,1/10/18 15:26,IP Address,128.103.224.84,13,547,FALSE,1/17/18 15:26,R_3k0qnlhMV6KX1Tr,,,,,,,anonymous,EN,Degree-program student,,,,,,,,,,,,,,,,,,,,,,,,
1/10/18 15:33,1/10/18 15:35,IP Address,128.103.182.116,13,102,FALSE,1/17/18 15:35,R_zePls2FmqCUtvDr,,,,,,,anonymous,EN,Teaching fellow,,,,,,,,,,,,,,,,,,,,,,,,
1/10/18 15:55,1/10/18 15:56,IP Address,65.112.8.132,13,53,FALSE,1/17/18 15:57,R_3QY5sBRVSaRFrZE,,,,,,,anonymous,EN,Degree-program student,,,,,,,,,,,,,,,,,,,,,,,,