StartDate,EndDate,Status,IPAddress,Progress,Duration (in seconds),Finished,RecordedDate,ResponseId,RecipientLastName,RecipientFirstName,RecipientEmail,ExternalReference,LocationLatitude,LocationLongitude,DistributionChannel,UserLanguage,Q3_1,Q3_2,Q4,Q5,Q6_1,Q6_2,Q7,Q8,Q9_1,Q10,Q11,Q12_1,Q12_2,Q13,Q14,Q15_1,Q16,Q17,Q19,Q20,Q21,Q22,Q23,Q25,Q26,Q27,Q28,Q29,Q31,Q32
Start Date,End Date,Response Type,IP Address,Progress,Duration (in seconds),Finished,Recorded Date,Response ID,Recipient Last Name,Recipient First Name,Recipient Email,External Data Reference,Location Latitude,Location Longitude,Distribution Channel,User Language,"[Faculty Session]  Spiral Review, Throughline, and Adaptive and Technical Challenges (Rob Wessman) - Importance of Topic","[Faculty Session]  Spiral Review, Throughline, and Adaptive and Technical Challenges (Rob Wessman) - Quality of Instruction",What worked well about this session?,What would you have liked to change about this session?,[Faculty Session] Step 3: Data Overviews and Focus Areas (Deirdra Aikens and William Marroquin) - Importance of Topic,[Faculty Session] Step 3: Data Overviews and Focus Areas (Deirdra Aikens and William Marroquin) - Quality of Instruction,What worked well about this session?,What would you have liked to change about this session?,[Team Session] Focus Areas and Data Literacy (Team Time) - Value of Session,What worked well about this session?,What would you have liked to change about this session?,[Faculty Session] Step 4: Digging Into Student Data (Rob Wessman) - Importance of Topic,[Faculty Session] Step 4: Digging Into Student Data (Rob Wessman) - Quality of Instruction,What worked well about this session?,What would you have liked to change about this session?,[Team Session] Planning and Preparation (Team Time) - Value of Session,What worked well about this session?,What would you have liked to change about this session?,"Today's sessions helped me articulate how and why equity is central to the work of
school improvement.",We have a big-picture plan to move forward Steps 1 through 4 at our school.,"As you think ahead to the virtual coaching sessions over the next couple of months, what do you imagine you might want to get support on?","Which ACE habit has been a strength for you personally over these two days? 
*Remember, the ACE habits of mind are A (Shared Commitment to Action, Assessment, and Adjustment), C (Intentional Collaboration), and E (Relentless Focus on Evidence).",Which ACE habit do you anticipate needing support on as a team? Why?,"At this point, how would you rate the overall quality of the Data Wise Institute?","At this point, to what extent did you find this program professionally useful?","At this point, how much do you intend to modify your professional practice, based on your experience in this program?","On a scale of 0 to 10, how likely is it that you would recommend this program to a friend or colleague from what you have experienced so far?",Please provide any other overall feedback on this institute.,"How satisfied were you with the diversity of the course's learning community, inclusive of racial, ethnic, professional, personal, regional, institution type, and other perspectives and backgrounds?",How might we improve in supporting a diverse learning community?
"{""ImportId"":""startDate"",""timeZone"":""Z""}","{""ImportId"":""endDate"",""timeZone"":""Z""}","{""ImportId"":""status""}","{""ImportId"":""ipAddress""}","{""ImportId"":""progress""}","{""ImportId"":""duration""}","{""ImportId"":""finished""}","{""ImportId"":""recordedDate"",""timeZone"":""Z""}","{""ImportId"":""_recordId""}","{""ImportId"":""recipientLastName""}","{""ImportId"":""recipientFirstName""}","{""ImportId"":""recipientEmail""}","{""ImportId"":""externalDataReference""}","{""ImportId"":""locationLatitude""}","{""ImportId"":""locationLongitude""}","{""ImportId"":""distributionChannel""}","{""ImportId"":""userLanguage""}","{""ImportId"":""QID42_1""}","{""ImportId"":""QID42_2""}","{""ImportId"":""QID43_TEXT""}","{""ImportId"":""QID44_TEXT""}","{""ImportId"":""QID51_1""}","{""ImportId"":""QID51_2""}","{""ImportId"":""QID46_TEXT""}","{""ImportId"":""QID47_TEXT""}","{""ImportId"":""QID71_1""}","{""ImportId"":""QID60_TEXT""}","{""ImportId"":""QID61_TEXT""}","{""ImportId"":""QID67_1""}","{""ImportId"":""QID67_2""}","{""ImportId"":""QID52_TEXT""}","{""ImportId"":""QID53_TEXT""}","{""ImportId"":""QID59_1""}","{""ImportId"":""QID69_TEXT""}","{""ImportId"":""QID70_TEXT""}","{""ImportId"":""QID88""}","{""ImportId"":""QID21""}","{""ImportId"":""QID65_TEXT""}","{""ImportId"":""QID74_TEXT""}","{""ImportId"":""QID75_TEXT""}","{""ImportId"":""QID79""}","{""ImportId"":""QID80""}","{""ImportId"":""QID81""}","{""ImportId"":""QID82""}","{""ImportId"":""QID76_TEXT""}","{""ImportId"":""QID86""}","{""ImportId"":""QID87_TEXT""}"
2019-08-15 18:43:08,2019-08-15 18:50:17,IP Address,173.225.57.100,100,428,True,2019-08-15 18:50:17,R_2zPlZcKPGxsUg9e,,,,,43.1833953857421875,-77.60430145263671875,anonymous,EN,Completely Satisfied,Completely Satisfied,I liked the activity on having to listen to a person talk for a minute.,Nothing,Completely Satisfied,Completely Satisfied,The overviews were informative.,Shorter times because it is so much to process,Completely Satisfied,Time to work with team,Not enough time,Moderately Satisfied,Completely Satisfied,looking at data with team,Would like to look at own data,Completely Satisfied,Planning,Nothing,Strongly Agree,Somewhat Agree,planning on roll out,evidence,evidence,Very Good,Quite A Bit,Quite A Bit,9,,Moderately Satisfied,not sure it needs to improve
2019-08-15 19:00:39,2019-08-15 19:05:15,IP Address,173.225.57.100,100,275,True,2019-08-15 19:05:16,R_2BtfhnPvy8Cbe6Z,,,,,43.1833953857421875,-77.60430145263671875,anonymous,EN,Completely Satisfied,Completely Satisfied,good pacing,nothing,Completely Satisfied,Completely Satisfied,,,Moderately Satisfied,working in our teams,"wish our whole datawise team was here for this. Not looking forward to ""relearning"" this info with those who weren't here",Completely Satisfied,Completely Satisfied,,,Completely Satisfied,,,Somewhat Agree,Somewhat Agree,steps 3 and 4,C and E,none,Very Good,Quite A Bit,Quite A Bit,10    (Extremely Likely),,Completely Satisfied,
2019-08-15 19:02:33,2019-08-15 19:05:19,IP Address,174.220.0.62,100,165,True,2019-08-15 19:05:19,R_2DYKJcRFIPmUltg,,,,,43.1707000732421875,-76.09619903564453125,anonymous,EN,Completely Satisfied,Completely Satisfied,"I enjoyed the gallery walk experience and allowed to work within our team on data-wise tasks ",,Completely Satisfied,Completely Satisfied,,,Completely Satisfied,,,Completely Satisfied,Completely Satisfied,,,Completely Satisfied,,,Strongly Agree,Somewhat Agree,,,,Excellent,A Great Deal,A Great Deal,10    (Extremely Likely),,Completely Satisfied,
2019-08-15 19:00:43,2019-08-15 19:05:27,IP Address,173.225.57.100,100,284,True,2019-08-15 19:05:27,R_RQAUy7CkxFIX0T7,,,,,43.1833953857421875,-77.60430145263671875,anonymous,EN,Completely Satisfied,Completely Satisfied,"examples provided assisted with understanding the difference between Technical and Adaptive ",n/a,Completely Satisfied,Completely Satisfied,,,Completely Satisfied,,,Completely Satisfied,Completely Satisfied,,,Completely Satisfied,,,Strongly Agree,Strongly Agree,,Restless Focus on Evidence,"Shared Commitment to Action ",Excellent,A Great Deal,Quite A Bit,9,,Completely Satisfied,
2019-08-15 19:00:13,2019-08-15 19:05:56,IP Address,173.225.57.100,100,342,True,2019-08-15 19:05:56,R_1KoP5VWT3VztQDK,,,,,43.1833953857421875,-77.60430145263671875,anonymous,EN,Completely Satisfied,Completely Satisfied,opportunities to collaborate and learn from each other.,N/A,Completely Satisfied,Completely Satisfied,opportunities to collaborate and learn from each other.,N/A,Completely Satisfied,opportunities to collaborate and learn from each other.,N/A,Completely Satisfied,Completely Satisfied,opportunities to collaborate and learn from each other.,N/A,Completely Satisfied,opportunities to collaborate and learn from each other.,N/A,Strongly Agree,Strongly Agree,Making sure we are on track.,C,A,Excellent,Quite A Bit,Quite A Bit,9,"Well done, organized.  Thanks ",Completely Satisfied,
2019-08-15 19:01:11,2019-08-15 19:07:17,IP Address,173.225.57.100,100,366,True,2019-08-15 19:07:18,R_Zr9Mlo3XVj14Oyd,,,,,43.1833953857421875,-77.60430145263671875,anonymous,EN,Completely Satisfied,Completely Satisfied,Time to work with team.,,Completely Satisfied,Completely Satisfied,Time to work with team.,,Completely Satisfied,Practicing makes me feel prepared to roll out in our school.,,Completely Satisfied,Completely Satisfied,Time to work with team.,,Completely Satisfied,,,Strongly Agree,Strongly Agree,videos of people DOING each step,Relentless Focus on Evidence,Shared Commitment to Action,Excellent,A Great Deal,A Great Deal,10    (Extremely Likely),"Spread the presentation out over 3 days ",Moderately Satisfied,
2019-08-15 19:02:13,2019-08-15 19:08:04,IP Address,174.224.131.157,100,350,True,2019-08-15 19:08:04,R_24w3dVN1AM42EZR,,,,,42.93389892578125,-78.80460357666015625,anonymous,EN,Completely Satisfied,Completely Satisfied,,,Completely Satisfied,Completely Satisfied,,,Completely Satisfied,"Having our own space to work on our plan! ","I wish we could have had a facilitator with us the whole time. Lots of questions that we needed help with and may have helped us get through the process quicker. ",Completely Satisfied,Completely Satisfied,,,Completely Satisfied,,,Somewhat Agree,Somewhat Agree,EVERYTHING it’s so new to us ... wished we had started this process earlier in the summer so we had time to digest the information,C,"Relentless Focus on instruction ",Very Good,Quite A Bit,Quite A Bit,7,"Informative... just needed to have more time to feel confident ",Completely Satisfied,Have the data presented be from a school that is similar to ours - hard to compare NJ to NY
2019-08-15 19:00:52,2019-08-15 19:08:35,IP Address,173.225.57.100,100,462,True,2019-08-15 19:08:36,R_3pmdvEVBkwD3Uni,,,,,43.1833953857421875,-77.60430145263671875,anonymous,EN,Moderately Satisfied,Completely Satisfied,The visual of the heart ( surgery) and then the adaptive ways to keep your heart healthy,---,Completely Satisfied,Completely Satisfied,,,Completely Satisfied,Dialog with team,nothing,Completely Satisfied,Completely Satisfied,Graphs as visuals,nothing,Completely Satisfied,Organizing our team meetings and recognizing our roles,nothing,Strongly Agree,Strongly Agree,"General questions of things that may be challenging us due to our specific school ",C,A--,Very Good,Quite A Bit,Quite A Bit,8,I definitely learned a lot!,Completely Satisfied,"community speakers from neighborhood schools to share their ""story"" "
2019-08-15 19:02:08,2019-08-15 19:09:11,IP Address,174.220.13.207,100,422,True,2019-08-15 19:09:11,R_3HuceQYb3lXnUh8,,,,,41.5637969970703125,-73.7953033447265625,anonymous,EN,Completely Satisfied,Completely Satisfied,Having the examples of tech and adaptive changes from Leasure,,Completely Satisfied,Completely Satisfied,,,Completely Satisfied,Have time for our team to come up with a focus,,Completely Satisfied,Completely Satisfied,Seeing how to move from a focus to a learner centered problem using data,,Completely Satisfied,"Gave our team time to debrief and start to plan meetings, roll out etc.",,Strongly Agree,Strongly Agree,Feedback about how we are moving through the steps,Shared commitment to action,,Excellent,A Great Deal,Moderately,9,,Completely Satisfied,
2019-08-15 19:04:11,2019-08-15 19:09:26,IP Address,173.225.57.100,100,315,True,2019-08-15 19:09:26,R_1eS6fefj12BAzFp,,,,,43.1833953857421875,-77.60430145263671875,anonymous,EN,Moderately Satisfied,Moderately Satisfied,,,Moderately Satisfied,Moderately Satisfied,,,Moderately Satisfied,,,Moderately Satisfied,Moderately Satisfied,,,Moderately Satisfied,"It was broken up well with the team work times, and the information provided, while a lot, was worked through at a reasonable pace.","This session should be broken up into more than 2 days, as the amount of information provided was immense. As we are expected to translate this information to our building staff, it would be beneficial to have more time to process and work our way through this information.",Neutral,Somewhat Agree,"My team needs support on Step 2, as we always seem to forget this step when talking about the big picture of this process.","C (Intentional Collaboration) ","A (Shared Commitment to Action, Assessment, and Adjustment) as the employees in the building that work with my team are resistant to change normally.",Neither Good Nor Bad,Moderately,Quite A Bit,4,,Neutral,
2019-08-15 19:00:27,2019-08-15 19:09:40,IP Address,173.225.57.100,100,553,True,2019-08-15 19:09:41,R_3Moi7mOlL9gKYeL,,,,,43.1833953857421875,-77.60430145263671875,anonymous,EN,Neutral,Neutral,I missed part of this with a doctor's appointment.,"nothing ",Completely Satisfied,Completely Satisfied,"happy with what we accomplished ","fine ",Completely Satisfied,"We learned by completing a task, and simultaneously learned  about the system.","nothing ",Completely Satisfied,Completely Satisfied,first-hand experience by handling the graphing,practical experience,Completely Satisfied,"appreciated the time to focus on our specific situation at our school ",valuable time,Strongly Agree,Somewhat Agree,"the fundamentals of building buy-in from staff ","C -- Intentional Collaboration ","Action Assessment and Adjustment ",Very Good,A Great Deal,Quite A Bit,9,"Instructors were professional, authentic, focused, and showed great expertise.",Completely Satisfied,The diversity of the Data Wise instructional team spoke volumes.
2019-08-15 19:08:48,2019-08-15 19:09:45,IP Address,173.225.57.100,100,57,True,2019-08-15 19:09:45,R_21t5L2oOrvWQXJC,,,,,43.1833953857421875,-77.60430145263671875,anonymous,EN,Completely Satisfied,Completely Satisfied,,,Completely Satisfied,Completely Satisfied,,,Completely Satisfied,,,Completely Satisfied,Completely Satisfied,,,Completely Satisfied,,,Strongly Agree,Strongly Agree,,,,Excellent,A Great Deal,A Great Deal,10    (Extremely Likely),,Completely Satisfied,
2019-08-15 19:04:52,2019-08-15 19:09:50,IP Address,173.225.57.100,100,297,True,2019-08-15 19:09:50,R_1CDejr5IQssFpsf,,,,,43.1833953857421875,-77.60430145263671875,anonymous,EN,Completely Satisfied,Completely Satisfied,understanding the difference between technical and adaptive challenges,,Completely Satisfied,Completely Satisfied,"example of how to conduct data overviews, examples of focus areas",,Completely Satisfied,"time as a team to begin planning for first step, more practice with the data wise process",,Completely Satisfied,Completely Satisfied,,,Completely Satisfied,able to identify next steps,,Strongly Agree,Strongly Agree,completing the first steps of the data wise process,intentional collaboration,relentless focus on evidence,Excellent,A Great Deal,A Great Deal,10    (Extremely Likely),,,
2019-08-15 19:04:58,2019-08-15 19:09:54,IP Address,173.225.57.216,100,295,True,2019-08-15 19:09:54,R_3JyNO6Un6iH0vHe,,,,,43.1833953857421875,-77.60430145263671875,anonymous,EN,Completely Satisfied,Completely Satisfied,Great visual to help understand the difference between technical and adaptive,"Nothing ",Completely Satisfied,Completely Satisfied,Good visuals,Nothing,Completely Satisfied,Agenda template,More time,Completely Satisfied,Completely Satisfied,Broken down nicely,Use digital resource for people to give input that can populate on the screen,Completely Satisfied,Space and time given,Nothing,Strongly Agree,Strongly Agree,Prioritizing steps,Intentional collaboration,Relentless focus on evidence—need to come prepared with resources,Excellent,A Great Deal,A Great Deal,10    (Extremely Likely),Great job! Nice balance of presenters and activities. Thank you!,Completely Satisfied,Idk
2019-08-15 19:07:09,2019-08-15 19:10:14,IP Address,173.225.57.100,100,184,True,2019-08-15 19:10:15,R_31gvDmGBHCZlpUY,,,,,43.1833953857421875,-77.60430145263671875,anonymous,EN,Completely Satisfied,Completely Satisfied,Collaborative Session,.,Completely Satisfied,Completely Satisfied,Time to Work!,,Completely Satisfied,Time to Work as a Team!,,Completely Satisfied,Completely Satisfied,.,.,Completely Satisfied,"Time to Work with the ILT ",,Strongly Agree,Strongly Agree,time management and getting everything in,C: Intentional Collaboration,"E: Relentless Focus on Evidence ",Excellent,A Great Deal,Quite A Bit,8,,Completely Satisfied,
2019-08-15 19:07:05,2019-08-15 19:10:16,IP Address,173.225.57.100,100,191,True,2019-08-15 19:10:16,R_2SrGVBOejAcG9gI,,,,,43.1833953857421875,-77.60430145263671875,anonymous,EN,Completely Satisfied,Completely Satisfied,seeing the visual and examples,time for our group to identify some of our own technical and adaptive challenges,Neutral,Neutral,,,Neutral,,,Neutral,Neutral,,,Completely Satisfied,we actually accomplished some positive work that we will incoporate into our meetings,"nothing ",Strongly Agree,Neutral,"check in on how our teams are functioning ","intentional collaboration ","relentless focus o evidence ",Very Good,Quite A Bit,Quite A Bit,8,,Moderately Satisfied,more sharing of the why?
2019-08-15 19:07:25,2019-08-15 19:10:28,IP Address,173.225.57.100,100,182,True,2019-08-15 19:10:28,R_2ymvk6OeavWQ607,,,,,43.1833953857421875,-77.60430145263671875,anonymous,EN,Moderately Satisfied,Moderately Satisfied,,,Moderately Satisfied,Moderately Satisfied,,,Moderately Satisfied,,More time,Moderately Satisfied,Moderately Satisfied,,,Moderately Satisfied,,More time,Neutral,Neutral,,,,Very Good,Quite A Bit,Moderately,6,,Completely Satisfied,
2019-08-15 19:05:21,2019-08-15 19:10:44,IP Address,173.225.57.100,100,323,True,2019-08-15 19:10:44,R_6PTL1SPVkYJu4yR,,,,,43.1833953857421875,-77.60430145263671875,anonymous,EN,Completely Satisfied,Completely Satisfied,"Loved the visuals to support this section. ","More time. ",Completely Satisfied,Completely Satisfied,"I loved how William had added the Data Wise page numbers to his presentation. ",More Time,Moderately Satisfied,"Agenda, protocols",More time.,Moderately Satisfied,Moderately Satisfied,Examples,More time,Moderately Satisfied,having time to work together,more time,Strongly Agree,Somewhat Agree,Intentional Collaboration and buy in,Intentional Collaboration,Relentless Focus o Evidence,Excellent,A Great Deal,A Great Deal,10    (Extremely Likely),More time is needed to build competency.,Completely Satisfied,
2019-08-15 19:02:31,2019-08-15 19:10:53,IP Address,174.220.32.183,100,501,True,2019-08-15 19:10:53,R_3EQ0R9uvmRB8W8s,,,,,41.5637969970703125,-73.7953033447265625,anonymous,EN,Completely Satisfied,Moderately Satisfied,Delivery of content and time to apply,None,Completely Satisfied,Completely Satisfied,,Na,Moderately Satisfied,Learning the protocols and applying them,Ma,Moderately Satisfied,Completely Satisfied,Step by guidance,Na,Completely Satisfied,Time to apply and discuss thoughts,Na,Completely Disagree,Somewhat Disagree,Focus questions and protocols for working with staff around the formulations of the question and data use,C,E,Excellent,A Great Deal,Quite A Bit,10    (Extremely Likely),Na,Moderately Satisfied,Na
2019-08-15 19:08:40,2019-08-15 19:11:12,IP Address,173.225.57.100,100,151,True,2019-08-15 19:11:13,R_3syl2l6OcNxhmpH,,,,,43.1833953857421875,-77.60430145263671875,anonymous,EN,Completely Satisfied,Completely Satisfied,"I appreciated that opportunity to work as a school team. ",,Completely Satisfied,Completely Satisfied,,,Completely Satisfied,,,Completely Satisfied,Completely Satisfied,,,Completely Satisfied,This was the most beneficial part of the day.,,Strongly Agree,Strongly Agree,,,,Excellent,A Great Deal,A Great Deal,10    (Extremely Likely),,Completely Satisfied,
2019-08-15 19:05:38,2019-08-15 19:11:14,IP Address,173.225.57.100,100,336,True,2019-08-15 19:11:15,R_2OInqkO3AHMprln,,,,,43.1833953857421875,-77.60430145263671875,anonymous,EN,Completely Satisfied,Completely Satisfied,"visuals ",none,Completely Satisfied,Completely Satisfied,"working with team and practicing ","none ",Completely Satisfied,"practicing ",none,Completely Satisfied,Completely Satisfied,noticing and wondering post its,none,Completely Satisfied,"planned our first few meetings ",none,Strongly Agree,Strongly Agree,easing into steps 3 and 4 and then moving forward,A  and C,"E- always grounding statements in evidence ",Excellent,A Great Deal,Quite A Bit,10    (Extremely Likely),,Completely Satisfied,none
2019-08-15 19:07:13,2019-08-15 19:11:50,IP Address,173.225.57.100,100,276,True,2019-08-15 19:11:50,R_10vLfwJ1gijZCT3,,,,,43.1833953857421875,-77.60430145263671875,anonymous,EN,Completely Satisfied,Completely Satisfied,,,Completely Satisfied,Completely Satisfied,,,Completely Satisfied,,,Completely Satisfied,Completely Satisfied,,,Completely Satisfied,,,Strongly Agree,Strongly Agree,"Implementation process, overcoming push-backs and obstacles",A,C and E,Excellent,A Great Deal,Quite A Bit,10    (Extremely Likely),,Completely Satisfied,
2019-08-15 19:04:52,2019-08-15 19:12:17,IP Address,173.225.57.100,100,445,True,2019-08-15 19:12:18,R_3MuNUT2A5eVLPHH,,,,,43.1833953857421875,-77.60430145263671875,anonymous,EN,Completely Satisfied,Completely Satisfied,I liked the way this delineated the challenges and I think this will be useful for staff as we roll this out.,,Completely Satisfied,Moderately Satisfied,Not having our own data to look at makes it seem more theoretical.,,Moderately Satisfied,"Again, not using our own data made it less concrete.",,Completely Satisfied,Moderately Satisfied,,,Completely Satisfied,Our team had a chance to get organized and on the same page.,,Strongly Agree,Somewhat Agree,The process of creating a learner centered problem,E,"E... From my experience, people like to make inferences without evidence.",Very Good,Quite A Bit,A Great Deal,8,,Completely Satisfied,
2019-08-15 19:08:28,2019-08-15 19:12:20,IP Address,173.225.57.100,100,232,True,2019-08-15 19:12:21,R_3PpnWcMX2GUZcSi,,,,,43.1833953857421875,-77.60430145263671875,anonymous,EN,Completely Satisfied,Completely Satisfied,,,Completely Satisfied,Completely Satisfied,,,Completely Satisfied,,,Completely Satisfied,Completely Satisfied,"great way to have schools anchor in on the process and how they can transition to thier schools. ",,Completely Satisfied,"Planning time was valuable to the team. Practiced norms and even adapted to meet our needs. Took the feedback from previous session and built on it today. ",,Somewhat Agree,Somewhat Agree,,Collaboration,"Evidence. ",Very Good,Quite A Bit,Quite A Bit,8,,Completely Satisfied,
2019-08-15 19:08:37,2019-08-15 19:12:33,IP Address,173.225.57.100,100,236,True,2019-08-15 19:12:33,R_3Mzi5wObSJDCk2G,,,,,43.1833953857421875,-77.60430145263671875,anonymous,EN,Completely Satisfied,Completely Satisfied,group work was better- thank you for responding to the survey from yesterday!,,Moderately Satisfied,Moderately Satisfied,This was a hefty section.  The content was thick.,,Completely Satisfied,Team Work Times are amazing!,,Completely Satisfied,Completely Satisfied,scaffolded well,,Completely Satisfied,,,Somewhat Agree,Strongly Agree,Sections 3 and 4,collaboration,"focus ",Excellent,A Great Deal,Moderately,10    (Extremely Likely),,Completely Satisfied,
2019-08-15 19:07:05,2019-08-15 19:12:46,IP Address,173.225.57.100,100,340,True,2019-08-15 19:12:46,R_3rHxYpMlkkZsDdd,,,,,43.1833953857421875,-77.60430145263671875,anonymous,EN,Completely Satisfied,Completely Satisfied,,,Completely Satisfied,Completely Satisfied,,,Completely Satisfied,,,Completely Satisfied,Completely Satisfied,,,Moderately Satisfied,Opprtunity to work with team.,Working with own dats using district system.,Strongly Agree,Somewhat Agree,,,,Very Good,Quite A Bit,A Great Deal,9,,Completely Satisfied,
2019-08-15 19:07:46,2019-08-15 19:13:15,IP Address,173.225.57.100,100,329,True,2019-08-15 19:13:15,R_3iVewyHmVfQ73YT,,,,,43.1833953857421875,-77.60430145263671875,anonymous,EN,Completely Satisfied,Completely Satisfied,"clarification of the challenges and the examples that support them ",,Completely Satisfied,Completely Satisfied,,,Completely Satisfied,,,Completely Satisfied,Completely Satisfied,,,Completely Satisfied,,,Strongly Agree,Somewhat Agree,"any problems enountered with implemtnation of the process ",intentional collaboration,intentional collaboration,Excellent,A Great Deal,A Great Deal,10    (Extremely Likely),,Completely Satisfied,
2019-08-15 19:05:30,2019-08-15 19:13:20,IP Address,173.225.57.100,100,469,True,2019-08-15 19:13:20,R_22tU9qn9pvJfdZh,,,,,43.1833953857421875,-77.60430145263671875,anonymous,EN,Completely Satisfied,Moderately Satisfied,had more time to discuss within school team,,Completely Satisfied,Completely Satisfied,more discussion time was given within school team,more practice with data analyzing,Completely Satisfied,great team discussion was had,,Completely Satisfied,Completely Satisfied,better understanding of creating the learner-centered problem,more practice and discussion,Completely Satisfied,more discussion was given,,Somewhat Agree,Somewhat Agree,developing the priority question,Intentional Collaboration,focus on evidence to make sure that we always tie it back to a why of evidence,Very Good,A Great Deal,Quite A Bit,8,These past two days were intense but shared helpful and useful processes that seem to grounded in real life ability to integrate,Moderately Satisfied,I felt it was done well with diverse learning community
2019-08-15 19:10:15,2019-08-15 19:13:28,Spam,173.225.57.100,100,193,True,2019-08-15 19:13:29,R_4UUnqHD9TG41ofD,,,,,43.1833953857421875,-77.60430145263671875,anonymous,EN,Completely Satisfied,Completely Satisfied,,,Completely Satisfied,Completely Satisfied,,,Completely Satisfied,,,Completely Satisfied,Completely Satisfied,,,Completely Satisfied,,,Strongly Agree,Strongly Agree,,,,Excellent,A Great Deal,A Great Deal,10    (Extremely Likely),,Completely Satisfied,
2019-08-15 19:06:45,2019-08-15 19:13:38,IP Address,173.225.57.100,100,413,True,2019-08-15 19:13:39,R_6eOrXFCSkNgt0ml,,,,,43.1833953857421875,-77.60430145263671875,anonymous,EN,Completely Satisfied,Completely Satisfied,It was great and a good way to ground the rest of the day.,N/A,Completely Satisfied,Completely Satisfied,I loved looking at student work and how we looked at various pieces and points of data to come up with a LCP.,Do it again with a different set.,Completely Satisfied,"Team time was very important ",We could have used more team time.,Completely Satisfied,Completely Satisfied,"This was important to look at to ground ourselves because we have too much data at our figure tips, it is paralyzing.","Look at RCSD data also, or another school from NYS for standards, etc sake",Completely Satisfied,"Great, we got time to plan some logistics",N/A,Strongly Agree,Strongly Disagree,Yes,Commitment to Action,Assessment,Excellent,A Great Deal,Quite A Bit,10    (Extremely Likely),Facilitators were fantastic and lovely to deal with!,Moderately Satisfied,Provide data from similar school in NY to one in RCSD
2019-08-15 19:06:19,2019-08-15 19:13:44,IP Address,173.225.57.100,100,444,True,2019-08-15 19:13:44,R_2RR4fzmm14Skary,,,,,43.1833953857421875,-77.60430145263671875,anonymous,EN,Completely Satisfied,Completely Satisfied,"The essay case study to come up with a learner centered problem, time to meet in groups",More time in group,Completely Satisfied,Completely Satisfied,"Lots of helpful info about how to read charts/create meaningful, streamlined info for staff","We struggled with coming up with our own chart, perhaps more guidance with that task",Completely Satisfied,That the agenda was provided for us to work through,n/a,Completely Satisfied,Completely Satisfied,Time to look at other school's data,,Completely Satisfied,Time to plan,Lots of information to go over in order to be prepared- no one checked in with us in the afternoon session,Strongly Agree,Strongly Agree,Not exactly sure yet,Evidence,Intentional Collaboration- sometimes I feel I need to do it all on my own,Excellent,A Great Deal,Quite A Bit,10    (Extremely Likely),This training helped me feel less overwhelmed by the work I know is coming this year/emotions with being in receivership,Completely Satisfied,
2019-08-15 19:06:58,2019-08-15 19:13:47,IP Address,173.225.57.100,100,408,True,2019-08-15 19:13:47,R_1FODGXPOMmwjuSU,,,,,43.1833953857421875,-77.60430145263671875,anonymous,EN,Completely Satisfied,Completely Satisfied,The information presented.,Nothing,Completely Satisfied,Completely Satisfied,"Having the information presented and then time to work as a team to apply it. "," Nothing ",Completely Satisfied,Having time to work as a team.,More time needed.,Completely Satisfied,Completely Satisfied,The work selected fit the task well.  The amount of time spent on this part was good.,Nothing,,"Our team accomplished a lot and feel better prepared to meet with the whole ILT in 2 weeks.  ",More time!,Strongly Agree,Strongly Agree,Feedback on the roll out.,"C Intentional Collaboration ","E Continuing to come back to focus on the evidence. ",Excellent,A Great Deal,A Great Deal,10    (Extremely Likely),,Completely Satisfied,
2019-08-15 19:07:53,2019-08-15 19:14:26,IP Address,173.225.57.100,100,392,True,2019-08-15 19:14:26,R_D6odl3cnM0XRg2t,,,,,43.1833953857421875,-77.60430145263671875,anonymous,EN,Completely Satisfied,Completely Satisfied,Having people stand around room before delving in was a great opener,NA,Completely Satisfied,Completely Satisfied,Audiance was asking many questions and Ms. Aikens was stating that will be covered in Focus 1 another question oh that will be covered next and the more audiance responded it helped to connect their responses to the area's of focus or what will be focused,NA,Completely Satisfied,Team time to work,NA,Completely Satisfied,Completely Satisfied,Team time to work it out,,Completely Satisfied,Having time with school to digest todays learning/activities,NA,Strongly Agree,Strongly Agree,,,,Excellent,A Great Deal,A Great Deal,10    (Extremely Likely),,Completely Satisfied,
2019-08-15 19:10:30,2019-08-15 19:15:15,IP Address,174.255.193.199,100,285,True,2019-08-15 19:15:16,R_uzdU9nWIGfAnX5n,,,,,33.748504638671875,-84.3871002197265625,anonymous,EN,Completely Satisfied,Completely Satisfied,Work with my team,,Completely Satisfied,Completely Satisfied,Ability to work on our data,,Completely Satisfied,Working with feedback from Deidra,,Completely Satisfied,Completely Satisfied,The chance to review our own student work.,,Completely Satisfied,"The opportunity to plan next steps ",,Strongly Agree,Strongly Agree,"Implementation ",,,Very Good,Quite A Bit,Quite A Bit,10    (Extremely Likely),,Completely Satisfied,
2019-08-15 19:08:41,2019-08-15 19:15:46,IP Address,173.225.57.100,100,424,True,2019-08-15 19:15:46,R_300of6Ie3s6SjDh,,,,,43.1833953857421875,-77.60430145263671875,anonymous,EN,Moderately Satisfied,Moderately Satisfied,Lots of Exmples,Nothng,Moderately Satisfied,Completely Satisfied,Collaborating,,Completely Satisfied,working with my team,having more examples from secondary schools,Moderately Satisfied,Moderately Satisfied,," struggled finding the framework for looking at the writing",Completely Satisfied,Everything,NA,Somewhat Agree,Strongly Agree,Choosing a focus,Collaborating,Evidence- Finding and distilling he evidence in o useful information will be a  challenge,Very Good,Quite A Bit,A Great Deal,9,I think it ould be helpful for our School Chiefs to give input on the choosing a focus step,Completely Satisfied,NA
2019-08-15 19:05:30,2019-08-15 19:15:49,IP Address,173.225.57.100,100,619,True,2019-08-15 19:15:50,R_1M4L6sygW0RlZid,,,,,43.1833953857421875,-77.60430145263671875,anonymous,EN,Completely Satisfied,Completely Satisfied,Review was quick and got to the point.,"Nothing. ",Completely Satisfied,Completely Satisfied,I enjoyed it allowed the team to practice Step 3.,"I would have liked are entire team here. ",Completely Satisfied,"Allowed us to actually use out data. ",Nothing,Completely Satisfied,Completely Satisfied,"Showed to me how what data is selected can really play a role on what people pull from it. ",,Completely Satisfied,"I thought this part worked really well. We began to start ironing out are ideas. ","More time to work on the planning and preparation. ",Strongly Agree,Strongly Agree,,Shared Commitment to Action,Relentless Focus on Evidence,Excellent,A Great Deal,Quite A Bit,10    (Extremely Likely),"Great job. ",Completely Satisfied,
2019-08-15 19:07:18,2019-08-15 19:16:07,IP Address,173.225.57.100,100,529,True,2019-08-15 19:16:08,R_1Lbv4TpoXMXJTGa,,,,,43.1833953857421875,-77.60430145263671875,anonymous,EN,Neutral,,Team Time Am/PM,"Water, coffe, juices, snacks",Moderately Satisfied,,Interactive,,Completely Satisfied,"Team talking, discussions",,Moderately Satisfied,,Review of student work and followup,,Completely Satisfied,Coach (william) vissiting  and answering questions,,Somewhat Agree,Somewhat Agree,"access  to data, ",C...Int entional colaboration,E Relentless Focus on Evidence,Very Good,Quite A Bit,Moderately,8,,Completely Satisfied,
2019-08-15 19:06:54,2019-08-15 19:16:14,IP Address,173.225.57.100,100,560,True,2019-08-15 19:16:14,R_WAv1AOsTuJLmhqN,,,,,43.1833953857421875,-77.60430145263671875,anonymous,EN,Completely Satisfied,,the examples used,"nothing ",Completely Satisfied,Moderately Satisfied,time with the team,"I though it would've been helpful to do Steps 3 and 4 back to back with no break.  I felt like our team was trying to move ahead to step 4 when working through 3.  after doing step 4, step 3 was better understood",Completely Satisfied,the time to work together,"I though it would've been helpful to do Steps 3 and 4 back to back with no break.  I felt like our team was trying to move ahead to step 4 when working through 3.  after doing step 4, step 3 was better understood",Completely Satisfied,Completely Satisfied,"going through the protocol of looking at student work and survey ","nothing ",Completely Satisfied,"we are getting a better understanding of the process and team time running smoother ","more time ",Strongly Agree,Strongly Agree,"Step 3, managing a large team","Shared Commitment to Action, Assessment, and Adjustment ","Relentless Focus on Evidence- I think in general we tend to jump to conclusion with using he evidence/ data to make decisions  ",Excellent,A Great Deal,Quite A Bit,10    (Extremely Likely),"this is great and the presenters/ mentors are excellent ",Moderately Satisfied,Include schools not in receivership status in training
2019-08-15 19:07:17,2019-08-15 19:16:22,IP Address,173.225.57.100,100,544,True,2019-08-15 19:16:22,R_UaKrKm6MXmi11dv,,,,,43.1833953857421875,-77.60430145263671875,anonymous,EN,Completely Satisfied,,Examples for clarification were good.,N/A,Completely Satisfied,Completely Satisfied,Information was presented clearly.,N/A,Completely Satisfied,Working with the team was good use of time.,It's difficult having such limited timeframes to work..... but understood.,,Moderately Satisfied,Practicing was useful.,Data that's not ouor own would be more helpful.,Moderately Satisfied,We got alot done once we were on our oown using the rolling agenda.,If feasible more time!,Strongly Agree,Strongly Agree,It's impossible to really know until we get rolling! It will vary I'm sure throughout the year.,Intentional Collaboration... working in teams.,Evidence because it's hard to get into it without our own data.,Very Good,A Great Deal,Quite A Bit,8,,Completely Satisfied,
2019-08-15 19:08:41,2019-08-15 19:16:23,IP Address,173.225.57.100,100,462,True,2019-08-15 19:16:23,R_31MoRxU9CGYiqHe,,,,,43.1833953857421875,-77.60430145263671875,anonymous,EN,Completely Satisfied,Completely Satisfied,"Examples and team time, especially with regard to technical vs. adaptive",,Completely Satisfied,Completely Satisfied,The examples that Deidra was able to give were relevant and applicable,,Completely Satisfied,"Time with the team to be able to ""dive into"" the essetial work and the ""why""",some team members were not present so it was challenging to think about certain aspects of the work,Completely Satisfied,Completely Satisfied,Looking at the buildings perspectives,,Completely Satisfied,Having the space and time to work together,,Strongly Agree,Somewhat Agree,"How we continue to move the work forward and not be distracted.  Also, how to move the process in the absence of the complete team.",Intentional Collaboration,"Assessment, sometimes I want to act without assessing and become impatient",Very Good,Quite A Bit,Moderately,8,"Thank you for the resources, concrete examples, and sharing your time with us.",Completely Satisfied,
2019-08-15 19:07:49,2019-08-15 19:16:37,IP Address,173.225.57.100,100,528,True,2019-08-15 19:16:37,R_p4pYvNs31HKGOaZ,,,,,43.1833953857421875,-77.60430145263671875,anonymous,EN,Completely Satisfied,Completely Satisfied,The discussion of the challenges that may be presented as we roll ths out,,Completely Satisfied,Completely Satisfied,The work time with my staff looking at data. Once again feel like I am getting better making sense of newly acquired data,,Completely Satisfied,Being  able  to work in a quieter session focused us,,Completely Satisfied,Completely Satisfied,,,Moderately Satisfied,Smaller environment,"Not placed at the end of the day. It was a challenge to stay foucused ",Somewhat Agree,Somewhat Agree,Pacing of the improvement journey,Shared Committment to Action,Assessment & Adjustment,Very Good,Quite A Bit,Quite A Bit,10    (Extremely Likely),,Moderately Satisfied,
2019-08-15 19:09:26,2019-08-15 19:17:28,IP Address,173.225.57.100,100,482,True,2019-08-15 19:17:28,R_22V1kdHtcv5qcEX,,,,,43.1833953857421875,-77.60430145263671875,anonymous,EN,Completely Satisfied,Moderately Satisfied,"Working in our data groups, doing interactive activities",Some  of  the activities need to be a little bit longer,Completely Satisfied,Moderately Satisfied,Great work on looking at student data and the gallery walk,nothing,Completely Satisfied,utilizing the norms and setting up detailed student academic help,,Completely Satisfied,Moderately Satisfied,nothing,nothing,Completely Satisfied,debriefing about the pluses and deltas,,Strongly Agree,Strongly Agree,the data wise process,The A part,None,Very Good,A Great Deal,Quite A Bit,7,,Moderately Satisfied,
2019-08-15 19:02:51,2019-08-15 19:18:15,IP Address,173.225.57.100,100,924,True,2019-08-15 19:18:15,R_3R9sFdbhh0II6Dl,,,,,43.1833953857421875,-77.60430145263671875,anonymous,EN,Completely Satisfied,Completely Satisfied,The pacing and content were helpful/relevant,Fine as is.,Completely Satisfied,Completely Satisfied,Information and activities were relevant and helpful.,Fine as is.,Completely Satisfied,"Time with team in a separate location to focus, discuss and work our way through material.",Fine as is.,Completely Satisfied,Completely Satisfied,Very informative,Fine as is.,Completely Satisfied,Very helpful to be able to take newly learned information and immediately relate it to planning for our school.,Fine as is.,Strongly Agree,Somewhat Agree,I think that will reveal itself as we work through the steps.,Shared commitment to action,not sure.,Very Good,Quite A Bit,Quite A Bit,7,,Completely Satisfied,Seemed supportive
2019-08-15 19:11:56,2019-08-15 19:18:33,IP Address,173.225.57.100,100,397,True,2019-08-15 19:18:34,R_Wcyq6Gvl7pDpfKV,,,,,43.1833953857421875,-77.60430145263671875,anonymous,EN,Completely Satisfied,Completely Satisfied,Understanding the difference between adaptive and technical challenges,"More time ",Completely Satisfied,Completely Satisfied,"Looking at the resources and practicing ","Using data from our school ",Completely Satisfied,"Getting to work and plan with my team ","Nothing ",Completely Satisfied,Completely Satisfied,Learning how to use the data,"Nothing ",Completely Satisfied,,,Somewhat Agree,Strongly Agree,"How to articulate the process to our colleagues ","Shared commitment to action ","Assessment and Adjustment - Fear of trying new things ",Excellent,A Great Deal,A Great Deal,10    (Extremely Likely),,Completely Satisfied,
2019-08-15 19:07:03,2019-08-15 19:19:38,IP Address,173.225.57.100,100,754,True,2019-08-15 19:19:38,R_3plnG8f2UM0z8Jb,,,,,43.1833953857421875,-77.60430145263671875,anonymous,EN,Completely Satisfied,Completely Satisfied,giving us examples to help clarify new knowledge,not sure,Completely Satisfied,Completely Satisfied,being in a team that works well together,a little more time together,Completely Satisfied,our own misunderstanding and then the realization of our own misunderstanding helped us a tone,maybe a little more clarification of our purpose and intended outcome of the team time,Completely Satisfied,Completely Satisfied,independent time before sharing out with team members,nothing,Completely Satisfied,perfect timing  we needed team time.,nothing,Somewhat Agree,Strongly Agree,remind us to slow things down (our team tends to move too fast),Relentless Focus on Evidence,Shared commitment to action,Excellent,A Great Deal,A Great Deal,10    (Extremely Likely),Great resources and powerful practices.  Thank you!,Completely Satisfied,
2019-08-15 19:09:38,2019-08-15 19:19:38,IP Address,173.225.57.100,100,600,True,2019-08-15 19:19:39,R_1LpU2nldgwOeRng,,,,,43.1833953857421875,-77.60430145263671875,anonymous,EN,Neutral,Neutral,gave opportunity to work on challenges,it was a lot of information at once,Neutral,Neutral,gave time for all to work on understanding areas of focus,lots of information at one time with limited time to process,Neutral,,,Neutral,Neutral,gave people opportunity to look ate student work,more time needed to discuss and clearly understand everything,Neutral,thank you for the time to work with our team,a bit difficult to navigate everything-lots of information at one time,Neutral,Neutral,"review of everything, more time for processing",C,ACE,Neither Good Nor Bad,Moderately,Quite A Bit,7,"I believe that this process will be amazing once understood by all. Right now and the way it was rolled out over the past two days, was too much to process at one time. Looking forward to more direct or one-on-one training and in a more comfortable setting",Moderately Satisfied,
2019-08-15 19:07:24,2019-08-15 19:20:18,IP Address,173.225.57.100,100,774,True,2019-08-15 19:20:18,R_11WIIYtukjG2oPn,,,,,43.1833953857421875,-77.60430145263671875,anonymous,EN,Moderately Satisfied,Moderately Satisfied,What worked well was the activities.,These type of meetings need to be shorter and possibly spread out over time. 2 days was not enough.,Moderately Satisfied,Moderately Satisfied,Activities,Heat/it was impossibly cold hard for me to concentrate.,Moderately Satisfied,Teams seem to work hard to understand the task and everyone was helpful.,Nothing,Moderately Satisfied,Moderately Satisfied,I learned a lot about assessing student work and the reasons why.,Less information at one time.,Moderately Satisfied,People worked well together.,Nothing,Strongly Agree,Neutral,I would like to get help on how to frame the priority question.,Action because there needs to be change in our district and this is a significant way to begin.,Valuing all voices.,Very Good,Quite A Bit,Quite A Bit,6,,Moderately Satisfied,Include staff from public school.
2019-08-15 19:00:13,2019-08-15 19:22:39,IP Address,173.225.57.100,100,1345,True,2019-08-15 19:22:39,R_10ooF0AqMhOTNG3,,,,,43.1833953857421875,-77.60430145263671875,anonymous,EN,Completely Satisfied,Completely Satisfied,I think this session was a good way to get the group to think about the different challenges that we may face when implementing this process (technical vs. adaptive).  I also appreciated the throughline.  This was a great process to get to our focus area and priority questions.,N/A,Completely Satisfied,Completely Satisfied,I really enjoyed looking at the data and learning how to take my staff through a data dive.  I want to continue to push their thinking when looking at data.,,Completely Satisfied,I want say anytime that I am able to work with my team is a bonus.  This time was much appreciated.,,Completely Satisfied,Completely Satisfied,,,Completely Satisfied,,,Somewhat Agree,Somewhat Agree,I will need support with pushing my thinking on focusing the team with looking at the data and holding everyone accountable with what action steps we create.,Relentless focus on Evidence,"I know that I can do this however this ""shared commitment to action, assessment, and adjustment"" is the one area that I would like intense support.",Excellent,A Great Deal,A Great Deal,10    (Extremely Likely),,Completely Satisfied,
2019-08-15 19:06:39,2019-08-15 19:23:20,IP Address,173.225.57.100,100,1000,True,2019-08-15 19:23:20,R_2BriS27aHTUkxUJ,,,,,43.1833953857421875,-77.60430145263671875,anonymous,EN,Completely Satisfied,Completely Satisfied,"Seeing that the prior day's suggestions were implemented to today's agenda. ","More time to observe other schools going through the process. ",Completely Satisfied,Completely Satisfied,Looking at real student work and how a real school district used this data.,"More than 10 minutes to look at the student work since it took a while to understand the tasks asked of students. ",Completely Satisfied,"THe practice was good. ",It was cut short.,Completely Satisfied,Completely Satisfied,"Time to practice. ","More time to look at examples. ",Completely Satisfied,"Getting to get comfortable with the process. ",More time to apply what was practiced.,Somewhat Agree,Somewhat Agree,"How to effectively get everyone involved in the process. ",E-Relentless Focus on Evidence,Intentional Collaboration,Excellent,A Great Deal,Moderately,8,"It is well done and structured. I like that it uses stategies that help participants understand deeply the information. ",Completely Satisfied,"I would like to see how your data wise system has affected ELLs and students with disabilities and if teachers used this process to look at data specific to this population's needs. "
2019-08-15 19:02:38,2019-08-15 19:23:53,IP Address,173.225.57.100,100,1275,True,2019-08-15 19:23:53,R_3hikG10YI7y9ofM,,,,,43.1833953857421875,-77.60430145263671875,anonymous,EN,Completely Satisfied,Completely Satisfied,Presentation was well done.,,Completely Satisfied,Completely Satisfied,The presenters were interactive with the group.  I felt that we learned a lot about how to look at different types of data in order to focus on what was a priority.,Nothing.,Completely Satisfied,The team session was very productive because it helped us to utilize what we had just learned about developing the learning centered problem.,Nothing.,Completely Satisfied,Completely Satisfied,The discussion that our team had was important to have to check that we were using the skills we had just learned about.,"Nothing.  ",,"The time was important to discuss how we would plan to have our meetings.  We also discussed how agendas would be developed and the strategy we would use ",We always can use additional time.,Strongly Agree,Somewhat Agree,,Intentional collaboration,Relentless focus on Evidence,Excellent,A Great Deal,Quite A Bit,10    (Extremely Likely),,Completely Satisfied,
2019-08-15 19:11:22,2019-08-15 22:35:10,IP Address,66.66.148.184,100,12228,True,2019-08-15 22:35:10,R_C7CvuAmLEW2i6Ln,,,,,43.220703125,-77.5991973876953125,anonymous,EN,Completely Satisfied,Completely Satisfied,The visuals,The air conditioner was too high,Completely Satisfied,Completely Satisfied,The small group sessions,Nothing,Completely Satisfied,We used this time to plan our School Based Planning Team presentation and the next Superintendent's day.,Nothing,Completely Satisfied,Completely Satisfied,The personal experience,nothing,Completely Satisfied,Perfect and useful time,,Strongly Agree,Somewhat Agree,How to emerge current initiatives using the Data wise protocol,,,Excellent,A Great Deal,A Great Deal,10    (Extremely Likely),I wish I could have brought my entire leadership team,Completely Satisfied,"Not sure what I can suggest. The present team represented diversity "
2019-08-15 19:07:51,2019-08-16 12:08:06,IP Address,74.69.79.177,100,61215,True,2019-08-16 12:08:07,R_1LtfP1UwDqGHUtp,,,,,43.148406982421875,-77.63939666748046875,anonymous,EN,Completely Satisfied,Completely Satisfied,"The visuals and explanation of adaptive vs. technical challenges were helpful. ",,Completely Satisfied,Moderately Satisfied,,"i wanted more specific examples of a useful focus area and priority question. ",Moderately Satisfied,"being expected to create a chart was helpful for my team, where only a few of us normally do that work. ","would have been meaningful for us to have a report of our own data ready to use. but that also might have bogged us down i suppose. ",Moderately Satisfied,Moderately Satisfied,,"I know you were trying to speed through, but it felt rushed. We actually would've been very interested in sources such as student survey, etc. ",Moderately Satisfied,"Practice with the rolling agenda is helpful. ","again, the time was cut short, so we did not actually produce our deliverables. Conversation was useful though. ",Somewhat Agree,Somewhat Agree,"We will need the coach to ""keep us honest"" to help us cultivate the self-discipline and follow through to really use the process and protocols. I think devoting the time to planning the meetings with our team will be critical.","I think i was strong with A, and with reminding us to do E","I think the Intentional COlaboration (using the tools and protocols and actually working together) will be hard. I also think that we have to guard against rushing to judgement and make pronouncements about what's wrong and what should be done. ",Excellent,A Great Deal,A Great Deal,10    (Extremely Likely),,Completely Satisfied,
2019-08-15 19:14:24,2019-08-15 19:16:04,IP Address,173.225.57.100,53,100,False,2019-08-22 19:16:05,R_1fdd1j2ezVjAQUa,,,,,,,anonymous,EN,Completely Satisfied,Completely Satisfied,More time to plan and discuss was appreciated,,Moderately Satisfied,Completely Satisfied,,Having more immediate access to school specific data,Completely Satisfied,,,Completely Satisfied,Completely Satisfied,,,Completely Satisfied,,,,,,,,,,,,,,
2019-08-15 19:09:31,2019-08-15 20:09:39,IP Address,173.225.57.100,53,3608,False,2019-08-22 20:09:50,R_3kAKxaJqCPKiE1D,,,,,,,anonymous,EN,Completely Satisfied,Completely Satisfied,Discussion of the differences between adaptive and technical challenges,,Completely Satisfied,Completely Satisfied,,,Completely Satisfied,,,Completely Satisfied,Completely Satisfied,,,Completely Satisfied,,,,,,,,,,,,,,
2019-08-15 19:05:36,2019-08-16 12:24:13,IP Address,172.101.225.83,91,62316,False,2019-08-23 12:24:52,R_54QNHSCnZquJeOl,,,,,,,anonymous,EN,Moderately Satisfied,Moderately Satisfied,"Honestly, I was kinda tuned out on this. ","See above. ",Moderately Satisfied,Moderately Satisfied,"Like the authenticity of the task. ","I think this was an activity that we could have taken more time with to wrap our heads around. ",Neutral,,"I think this may have been the part where I thought it could be valuable to use a digital platform to have people share their ideas in real time. I kept thinking that a lot of the structures used in this training were directed towards extroverts and didn't account for the work style preferences and thinking of introverts (and other MBTI profiles). Tech provides a lot of outlets to account for these differences. ",Completely Satisfied,Completely Satisfied,"I love this kind of work. ","It's always ELA. I get it, but just once I'd love to be surprised by a science example. ",Moderately Satisfied,"This was a good opportunity for us to learn to work together. We have a team that is a mixture of veteran and brand new individuals to our school.  ",,Neutral,Somewhat Agree,"I think as a team we will need help keeping clarity between priority Qs, learner-centered problems, and problems of practice. I see us trying to rush the steps and conflating the components. ",Intentional Collaboration,"Relentless Focus on Evidence. ",Very Good,A Great Deal,Quite A Bit,9,,,
